Date,Open,High,Low,Close,Adj Close,Volume
7/31/17,22.43,25.110001,22.290001,24.129999,24.129999,4397900
8/1/17,26.25,28.700001,25.299999,26.48,26.48,3757700
8/2/17,28.450001,31.190001,27.700001,31.059999,31.059999,3666200
8/3/17,33.389999,33.490002,26.51,27.200001,27.200001,5771200
8/4/17,27.74,27.76,25.51,25.84,25.84,1670600
8/7/17,25.719999,28.219999,24.700001,25.27,25.27,2618200
8/8/17,25.620001,25.9,24.440001,25.52,25.52,1311400
8/9/17,25,26.58,24.719999,26.33,26.33,982900
8/10/17,26,26.4,25.110001,25.440001,25.440001,597600
8/11/17,25.030001,25.924,24.209999,24.85,24.85,636500
8/14/17,25.110001,25.309999,24.5,24.959999,24.959999,554900
8/15/17,24.84,28.85,24.549999,28.59,28.59,2016300
8/16/17,28.85,30.209999,26.643,27.190001,27.190001,2240700
8/17/17,26.91,28.469,26,26.58,26.58,1332900
8/18/17,26.59,27.245001,25.309999,26.700001,26.700001,1145700
8/21/17,26.620001,28.540001,26.450001,27.559999,27.559999,1356600
8/22/17,25.639999,27.299999,25.200001,25.27,25.27,2021100
8/23/17,25.049999,26.18,25,25.75,25.75,918300
8/24/17,25.74,26.073,25.101,25.790001,25.790001,1579600
8/25/17,25.469999,25.799999,24.870001,24.889999,24.889999,973100
8/28/17,24.799999,25.125999,24.51,24.83,24.83,675700
8/29/17,24.549999,24.790001,23.6,23.870001,23.870001,923500
8/30/17,23.65,23.870001,22.66,23.040001,23.040001,1453100
8/31/17,22.09,23.370001,22.07,22.290001,22.290001,955000
9/1/17,22.15,23.68,22.15,23.6,23.6,998700
9/5/17,23.59,25.190001,23.254999,24.99,24.99,1499800
9/6/17,24.620001,25.93,24.551001,25.860001,25.860001,1371200
9/7/17,26.049999,26.049999,25.209999,25.360001,25.360001,1562500
9/8/17,26.4,26.4,24.01,24.1,24.1,1668700
9/11/17,24.299999,26.040001,24.16,25.82,25.82,1254600
9/12/17,25.85,26.247,25.01,25.41,25.41,647900
9/13/17,25.25,26.950001,25.25,26.889999,26.889999,931000
9/14/17,26.690001,27.959999,26.424999,26.719999,26.719999,790700
9/15/17,26.5,27.35,26.049999,26.530001,26.530001,2091500
9/18/17,26.690001,27.125,25.6,26.92,26.92,702100
9/19/17,26.92,27.299999,26.360001,26.58,26.58,464600
9/20/17,26.58,27.290001,26.379999,27.280001,27.280001,564900
9/21/17,27.040001,27.35,26.129999,26.25,26.25,380500
9/22/17,26.389999,28,26.200001,27.969999,27.969999,989300
9/25/17,27.870001,28.695,25.639999,26.02,26.02,1518500
9/26/17,26,26.517,25.040001,25.209999,25.209999,1061300
9/27/17,25.32,25.780001,25.030001,25.24,25.24,755000
9/28/17,25.35,25.73,24.889999,25.42,25.42,414000
9/29/17,25.209999,25.540001,24.65,25.09,25.09,825600
10/2/17,24.969999,25.469999,24.809999,25.049999,25.049999,416200
10/3/17,24.9,25.190001,24.808001,24.92,24.92,543100
10/4/17,24.83,25.27,24.809999,24.92,24.92,417500
10/5/17,24.809999,25.32,24.549999,25,25,840300
10/6/17,24.9,25.01,24.049999,25,25,771500
10/9/17,25,26.59,25,26.33,26.33,1251600
10/10/17,26.49,26.49,25.01,25.33,25.33,643700
10/11/17,25.280001,25.92,25.200001,25.33,25.33,374900
10/12/17,25.280001,25.700001,25.07,25.65,25.65,339700
10/13/17,25.41,26.15,25.236,26.030001,26.030001,434900
10/16/17,25.610001,25.987,25.33,25.76,25.76,276000
10/17/17,25.559999,27.200001,25.549999,26.99,26.99,1253500
10/18/17,26.76,27.67,25.825001,26.08,26.08,842500
10/19/17,26.15,26.309999,25.030001,25.68,25.68,684500
10/20/17,25.76,26,25.18,25.25,25.25,573300
10/23/17,25.25,25.708,24.25,24.34,24.34,643700
10/24/17,24.25,24.716999,23.85,24.09,24.09,636300
10/25/17,23.969999,24.486,23.120001,23.4,23.4,617100
10/26/17,23.379999,23.5,22.799999,23.110001,23.110001,430100
10/27/17,23.059999,23.26,22.700001,23.01,23.01,716400
10/30/17,22.860001,23.65,22.719999,23.280001,23.280001,725800
10/31/17,23.200001,23.809999,23.120001,23.540001,23.540001,375100
11/1/17,23.74,23.74,23.1,23.280001,23.280001,259100
11/2/17,23.1,24.25,23.049999,23.74,23.74,373000
11/3/17,23.51,23.6,22.719999,22.9,22.9,510000
11/6/17,22.799999,23.007,22.23,22.540001,22.540001,471400
11/7/17,22.360001,23.205,22.25,22.950001,22.950001,515600
11/8/17,22.93,22.950001,21.51,21.700001,21.700001,661000
11/9/17,21.76,23.299999,21.76,23.200001,23.200001,1137100
11/10/17,21,21.700001,19.809999,20.93,20.93,2237100
11/13/17,20.809999,21.639999,20.73,21.290001,21.290001,684500
11/14/17,21.299999,21.33,20.76,21.15,21.15,536600
11/15/17,21.190001,21.799999,20.851999,21.76,21.76,478200
11/16/17,21.74,21.74,21.030001,21.049999,21.049999,406300
11/17/17,21,21.35,20.99,21.120001,21.120001,337500
11/20/17,20.940001,21.33,20.809999,20.85,20.85,633400
11/21/17,21,21.190001,20.76,20.780001,20.780001,419800
11/22/17,20.68,20.723,19.5,19.940001,19.940001,935900
11/24/17,20.110001,20.43,19.9,20.08,20.08,200900
11/27/17,20.25,21.530001,20.059999,21.43,21.43,918100
11/28/17,23.33,23.48,21.51,22.860001,22.860001,1013000
11/29/17,23.200001,23.365999,22.77,22.809999,22.809999,844700
11/30/17,23.15,23.15,22.4,22.780001,22.780001,255100
12/1/17,22.299999,23.76,22.02,23.440001,23.440001,810800
12/4/17,23.879999,24.775999,23.67,24.690001,24.690001,783000
12/5/17,24.6,25.85,24.011,24.73,24.73,1217400
12/6/17,24.84,25.450001,24.523001,25.07,25.07,283100
12/7/17,24.92,25.299999,24.049999,24.32,24.32,624200
12/8/17,24.450001,24.620001,24.01,24.110001,24.110001,519500
12/11/17,24.24,25.379999,24.1,24.540001,24.540001,810800
12/12/17,24.52,27.57,24.5,26.940001,26.940001,1294000
12/13/17,26.85,26.85,23.75,24.290001,24.290001,910300
12/14/17,24.5,25.879999,24.358999,25.299999,25.299999,448700
12/15/17,26.129999,26.32,25.545,26.01,26.01,593700
12/18/17,26.18,26.261999,25.780001,25.9,25.9,334900
12/19/17,25.6,26.705,25.58,26.25,26.25,418000
12/20/17,26.9,26.92,26.059999,26.48,26.48,331900
12/21/17,26.790001,28.48,25.82,27.25,27.25,763500
12/22/17,27.34,27.448999,26.48,27,27,362800
12/26/17,26.790001,27.76,26.309999,27.32,27.32,173500
12/27/17,27.110001,28.209999,27.01,27.9,27.9,285300
12/28/17,28.280001,29.65,27.895,29.49,29.49,457600
12/29/17,29.299999,31.32,29.030001,31.32,31.32,478700
1/2/18,31.41,31.5,29.76,31.07,31.07,522500
1/3/18,30.940001,31.07,28,28.200001,28.200001,739900
1/4/18,28.389999,28.700001,26.67,27.34,27.34,478400
1/5/18,27.379999,28.49,27.309999,28.200001,28.200001,303000
1/8/18,27.540001,28.200001,27.299999,27.68,27.68,186500
1/9/18,27.73,27.9,26.790001,26.93,26.93,208400
1/10/18,26.83,27.32,26.120001,27.32,27.32,251600
1/11/18,27.6,27.6,26.799999,26.93,26.93,247600
1/12/18,26.9,27.26,26.5,26.59,26.59,139700
1/16/18,26.950001,26.98,25.959999,26.1,26.1,203400
1/17/18,26,26.290001,25.25,26.17,26.17,221700
1/18/18,26.059999,27.27,26,26.950001,26.950001,253000
1/19/18,26.84,27.169001,26.049999,26.08,26.08,555400
1/22/18,25.9,25.9,23.91,23.959999,23.959999,941900
1/23/18,24.049999,24.23,22.99,23.17,23.17,1134700
1/24/18,22.309999,22.49,21.42,22.120001,22.120001,4226500
1/25/18,22.41,22.41,21.9,22.309999,22.309999,2350600
1/26/18,22.5,23.459999,22.33,23.01,23.01,1422600
1/29/18,23.389999,23.4,21.18,21.290001,21.290001,2046800
1/30/18,21.09,21.289,20.17,20.43,20.43,2380000
1/31/18,21,21,20.15,20.299999,20.299999,1818100
2/1/18,20.389999,20.719999,19.5,19.700001,19.700001,2913300
2/2/18,19.690001,20.040001,19.370001,19.76,19.76,1978900
2/5/18,20.17,20.33,19.629999,19.66,19.66,1561600
2/6/18,19.5,22.254999,19.18,22.030001,22.030001,2965600
2/7/18,22,24,21.709999,23,23,3290900
2/8/18,22.83,22.975,21.799999,22.040001,22.040001,1354400
2/9/18,21.93,22.290001,21.41,22.08,22.08,1172300
2/12/18,22.43,22.889999,21.809999,22.67,22.67,994200
2/13/18,22.5,22.639999,21.77,22,22,973300
2/14/18,21.99,23.18,21.563999,22.59,22.59,1413100
2/15/18,22.59,22.85,22.23,22.73,22.73,810800
2/16/18,22.879999,23.110001,22.690001,22.950001,22.950001,1039700
2/20/18,22.799999,23,21.860001,21.9,21.9,977700
2/21/18,21.950001,22.209,20.83,21.299999,21.299999,1355200
2/22/18,21.360001,21.690001,20.91,21.57,21.57,1523000
2/23/18,19.9,21.43,19.4,20.959999,20.959999,5126900
2/26/18,20.66,20.879999,20.02,20.620001,20.620001,3393800
2/27/18,20.74,21.16,20.469999,20.6,20.6,1539200
2/28/18,20.6,20.700001,20.200001,20.59,20.59,1268900
3/1/18,20.5,21,20.327999,20.58,20.58,1520400
3/2/18,20.51,21.5,20.5,21.43,21.43,1361600
3/5/18,21.41,22.280001,21.121,21.9,21.9,1396400
3/6/18,22.08,23.049999,21.921,23,23,1539300
3/7/18,22.91,23.450001,22.57,23.01,23.01,1331400
3/8/18,23.01,23.82,23.01,23.66,23.66,1489600
3/9/18,23.280001,23.84,22.870001,22.98,22.98,1231900
3/12/18,22.92,23.41,22.577,22.74,22.74,1143800
3/13/18,22.870001,23.49,22.530001,22.76,22.76,1244100
3/14/18,22.74,22.74,21.879999,22.25,22.25,1707000
3/15/18,22.299999,22.385,21.23,21.379999,21.379999,2513700
3/16/18,21.309999,21.629999,21.01,21.35,21.35,6707100
3/19/18,21.32,21.799999,21,21.58,21.58,1481400
3/20/18,21.530001,21.610001,21.049999,21.08,21.08,1160600
3/21/18,21.01,21.389999,21,21.280001,21.280001,1038800
3/22/18,21.18,21.799999,21.135,21.4,21.4,1509400
3/23/18,21.49,22.450001,21.370001,22.1,22.1,1853000
3/26/18,22.32,22.76,21.77,22.68,22.68,1159300
3/27/18,22.58,22.780001,22.209999,22.33,22.33,962200
3/28/18,22.34,22.49,22.01,22.35,22.35,844800
3/29/18,22.43,22.9,22.139999,22.83,22.83,787900
4/2/18,22.940001,23,22.450001,22.76,22.76,857100
4/3/18,22.82,23.02,22.790001,23,23,958200
4/4/18,23,23.200001,22.858999,23.110001,23.110001,1484800
4/5/18,23.18,23.27,21.559999,22.129999,22.129999,1966700
4/6/18,21.969999,22.43,21.735001,22.030001,22.030001,752200
4/9/18,22.09,22.620001,22.023001,22.4,22.4,496800
4/10/18,22.35,22.9,22.200001,22.68,22.68,676700
4/11/18,22.49,22.9,22.49,22.809999,22.809999,334800
4/12/18,22.879999,23.129999,22.67,22.719999,22.719999,356300
4/13/18,22.559999,22.889999,22.049999,22.809999,22.809999,558400
4/16/18,22.639999,23.200001,22.51,23.190001,23.190001,539800
4/17/18,23.23,23.940001,23.15,23.299999,23.299999,881000
4/18/18,23.290001,24.01,22.85,23.99,23.99,498800
4/19/18,23.99,24.209999,23.559999,23.879999,23.879999,517600
4/20/18,22.879999,23.059999,22.030001,22.709999,22.709999,2791500
4/23/18,22.799999,23.120001,22.42,22.469999,22.469999,1680000
4/24/18,22.51,22.655001,22,22.219999,22.219999,849700
4/25/18,21.82,22,21.190001,21.709999,21.709999,1094600
4/26/18,21.76,22.09,21.5,21.68,21.68,802100
4/27/18,21.549999,21.84,21.49,21.68,21.68,616800
4/30/18,21.68,21.940001,21.35,21.4,21.4,795700
5/1/18,21.389999,21.639999,21.129999,21.639999,21.639999,804100
5/2/18,21.440001,22.09,21.4,22.01,22.01,1128700
5/3/18,21.25,22.110001,20.76,21.84,21.84,1241000
5/4/18,22.08,22.24,21.610001,22,22,763000
5/7/18,21.99,22.59,21.889999,22.559999,22.559999,873600
5/8/18,22.48,22.975,22.35,22.790001,22.790001,804700
5/9/18,22.790001,23.5,22.620001,23.08,23.08,871100
5/10/18,23.209999,23.58,22.860001,22.98,22.98,1303900
5/11/18,21.75,23.219999,21.549999,22.940001,22.940001,1721900
5/14/18,22.639999,22.76,21.719999,22.01,22.01,1570000
5/15/18,21.6,22,21.360001,21.459999,21.459999,1674900
5/16/18,21.58,22.26,21.575001,21.940001,21.940001,1103200
5/17/18,21.950001,22.129999,21.68,22.02,22.02,637300
5/18/18,22.110001,22.190001,21.969999,22.02,22.02,672000
5/21/18,22.07,22.176001,21.83,22,22,655700
5/22/18,22,22.370001,21.940001,22.15,22.15,696100
5/23/18,22.200001,22.469999,22.08,22.209999,22.209999,826100
5/24/18,22.280001,22.459,21.93,22.030001,22.030001,582100
5/25/18,22.030001,22.35,21.6,21.73,21.73,841000
5/29/18,21.540001,22.207001,21.5,21.969999,21.969999,772700
5/30/18,21.950001,22.855,21.950001,22.690001,22.690001,1040200
5/31/18,22.549999,22.66,21.76,22.1,22.1,3438500
6/1/18,22.01,22.200001,21.030001,21.620001,21.620001,1698600
6/4/18,21.67,22.110001,21.65,22.110001,22.110001,863900
6/5/18,22.08,22.93,21.870001,22.809999,22.809999,1056200
6/6/18,22.790001,23.33,22.74,22.969999,22.969999,770000
6/7/18,22.99,23.35,22.610001,22.870001,22.870001,558600
6/8/18,22.82,23.34,22.82,23.030001,23.030001,742000
6/11/18,23.07,23.629999,23.07,23.4,23.4,821400
6/12/18,23.41,24.07,23.34,23.719999,23.719999,1831500
6/13/18,23.73,24.004999,23.719999,23.9,23.9,905400
6/14/18,23.99,25.059999,23.93,24.639999,24.639999,1975500
6/15/18,24.25,24.620001,23.820999,24.030001,24.030001,1783200
6/18/18,22.82,23.23,22.24,22.24,22.24,1589300
6/19/18,22.110001,22.440001,21.41,22.18,22.18,1510600
6/20/18,22.389999,22.57,21.91,22.24,22.24,749700
6/21/18,22.24,22.245001,21.139999,21.25,21.25,1392200
6/22/18,21.290001,21.620001,20.941,21.6,21.6,3816200
6/25/18,21.469999,22.68,21.42,22.5,22.5,1303900
6/26/18,22.360001,23,22.360001,22.620001,22.620001,909800
6/27/18,22.530001,23.18,22.42,22.51,22.51,1000600
6/28/18,22.549999,23.07,22.450001,23.02,23.02,923200
6/29/18,23,23.139999,22.48,23.09,23.09,1159000
7/2/18,22.959999,23.17,22.605,23.139999,23.139999,571200
7/3/18,23.190001,23.775,23,23.68,23.68,512000
7/5/18,23.629999,23.68,22.879999,22.959999,22.959999,600500
7/6/18,23.059999,23.299999,22.790001,22.98,22.98,490200
7/9/18,23.02,23.183001,22.35,22.809999,22.809999,700200
7/10/18,23.02,23.969999,22.84,23.790001,23.790001,1267500
7/11/18,23.860001,24.049999,23.32,23.540001,23.540001,969400
7/12/18,23.6,23.65,23.216999,23.620001,23.620001,368800
7/13/18,23.6,23.799999,23.379999,23.52,23.52,354800
7/16/18,24,24.415001,23.68,23.99,23.99,1151400
7/17/18,22.65,23.764999,22.389999,23.4,23.4,2589600
7/18/18,23.370001,24.07,22.290001,24,24,3178500
7/19/18,24.790001,25,24.35,24.780001,24.780001,6792400
7/20/18,24.65,25.139999,24.4,24.530001,24.530001,1673800
7/23/18,24.469999,24.969999,24,24.639999,24.639999,1062300
7/24/18,24.77,25.129999,24.556,24.92,24.92,1542400
7/25/18,25.01,25.775,24.690001,25.68,25.68,1714500
7/26/18,25.030001,26.01,25.030001,25.370001,25.370001,1488400
7/27/18,25.42,25.59,24.35,24.75,24.75,1030500
7/30/18,24.65,24.799999,24.195999,24.26,24.26,950300
7/31/18,24.33,24.65,24.129999,24.5,24.5,430900
8/1/18,24.42,24.709999,24.15,24.67,24.67,553600
8/2/18,24.51,24.790001,23.68,24.02,24.02,896500
8/3/18,23.959999,24.370001,23.25,23.540001,23.540001,651500
8/6/18,23.51,23.73,23.01,23.24,23.24,781300
8/7/18,22.43,22.65,21.9,22.389999,22.389999,3101500
8/8/18,22.440001,22.77,21.82,22.67,22.67,1031000
8/9/18,22.6,23.35,22.25,23.139999,23.139999,1869300
8/10/18,19.24,20,17.735001,17.959999,17.959999,11399700
8/13/18,18.290001,18.540001,17.799999,18.475,18.475,3919200
8/14/18,18.290001,18.459999,17.540001,18.17,18.17,2407600
8/15/18,18.110001,18.200001,17.440001,17.860001,17.860001,1423500
8/16/18,17.940001,17.99,17.25,17.32,17.32,2363100
8/17/18,17.370001,17.370001,16.691,17.190001,17.190001,2169900
8/20/18,17.190001,18.440001,17.190001,18.07,18.07,3160600
8/21/18,18,18.879999,18,18.85,18.85,2187300
8/22/18,18.799999,19.27,18.799999,19.209999,19.209999,1314200
8/23/18,19.110001,19.610001,19.110001,19.469999,19.469999,1816200
8/24/18,19.43,19.959999,19.184999,19.719999,19.719999,3747900
8/27/18,19.530001,19.809999,19.07,19.709999,19.709999,846500
8/28/18,19.65,19.959999,19.635,19.92,19.92,945300
8/29/18,19.940001,20.27,19.690001,19.700001,19.700001,813900
8/30/18,19.52,20.08,19.52,19.82,19.82,604500
8/31/18,19.719999,20.049999,19.610001,19.809999,19.809999,712500
9/4/18,19.83,20.280001,19.65,19.809999,19.809999,1258100
9/5/18,19.719999,19.940001,19.6,19.93,19.93,727000
9/6/18,19.83,19.915001,19.545,19.719999,19.719999,736200
9/7/18,19.700001,19.879999,19.57,19.73,19.73,974800
9/10/18,19.700001,20.059999,19.67,19.809999,19.809999,781800
9/11/18,19.809999,19.98,19.610001,19.93,19.93,664500
9/12/18,19.969999,19.99,19.65,19.780001,19.780001,610000
9/13/18,19.950001,19.99,18.68,18.77,18.77,926600
9/14/18,18.77,19.799999,18.51,19.299999,19.299999,1527400
9/17/18,19.360001,19.690001,18.32,19.209999,19.209999,957400
9/18/18,19.1,19.495001,18.85,19.379999,19.379999,695100
9/19/18,19.4,19.559999,19.030001,19.059999,19.059999,665500
9/20/18,19.139999,19.32,18.547001,18.629999,18.629999,857000
9/21/18,18.57,18.677,17.855,17.91,17.91,1815000
9/24/18,18.01,18.27,17.559999,18.25,18.25,1111000
9/25/18,18.299999,18.65,18.129,18.43,18.43,1475000
9/26/18,18.48,18.67,18.35,18.43,18.43,568200
9/27/18,18.43,18.75,18,18.08,18.08,700100
9/28/18,18.16,18.700001,17.9,18.700001,18.700001,704300
10/1/18,18.559999,19.049999,18.01,18.110001,18.110001,815200
10/2/18,18.1,18.4,17.469999,17.530001,17.530001,652000
10/3/18,17.620001,17.93,17.25,17.360001,17.360001,944400
10/4/18,17.389999,17.440001,16.975,17.08,17.08,840600
10/5/18,17.08,17.128,16.389999,16.620001,16.620001,933600
10/8/18,16.6,16.780001,16.375,16.459999,16.459999,663600
10/9/18,16.4,16.979,16.200001,16.209999,16.209999,534700
10/10/18,16.25,16.27,15.23,15.44,15.44,1394400
10/11/18,15.4,16.34,15.391,15.97,15.97,791800
10/12/18,16.139999,16.364,15.47,15.66,15.66,793900
10/15/18,15.66,16.35,15.43,16.110001,16.110001,808300
10/16/18,16.23,17.17,16.15,17.08,17.08,789800
10/17/18,17.09,17.365,16.67,17.17,17.17,444600
10/18/18,16.9,17.129999,16.1,16.48,16.48,841800
10/19/18,16.219999,16.73,15.37,15.42,15.42,1220400
10/22/18,15.3,16,15.3,15.97,15.97,597000
10/23/18,15.67,16.85,15.428,16.440001,16.440001,1568200
10/24/18,16.549999,17.08,16.110001,16.129999,16.129999,952800
10/25/18,16.200001,16.879999,16.01,16.83,16.83,562300
10/26/18,16.440001,16.65,15.56,15.72,15.72,1414400
10/29/18,15.78,15.782,14.46,14.79,14.79,1989700
10/30/18,14.77,15.84,14.66,15.46,15.46,888600
10/31/18,15.76,15.76,15.15,15.45,15.45,689900
11/1/18,15.53,16.24,15.53,16.23,16.23,724300
11/2/18,16.15,16.219999,15.09,16.02,16.02,1556900
11/5/18,16.040001,16.200001,15.365,16.07,16.07,1320600
11/6/18,15.92,16.67,15.92,16.469999,16.469999,717900
11/7/18,15.5,15.9,14.86,15.43,15.43,2750400
11/8/18,15.37,15.37,14.75,14.85,14.85,1581000
11/9/18,13.61,15.31,13.5,15.06,15.06,3650600
11/12/18,14.7,15.8,14.7,15.34,15.34,1327300
11/13/18,15.37,16.24,15.34,15.6,15.6,1347600
11/14/18,15.78,15.91,15.13,15.16,15.16,1133500
11/15/18,15.13,15.302,14.75,15.05,15.05,925300
11/16/18,14.9,15.27,14.86,15.22,15.22,911100
11/19/18,15.23,15.36,14.61,14.67,14.67,1296400
11/20/18,14.5,14.845,14.21,14.41,14.41,856800
11/21/18,14.51,14.865,14.36,14.38,14.38,1173500
11/23/18,14.37,14.98,14.28,14.73,14.73,314100
11/26/18,14.7,15.5,14.65,15.36,15.36,783700
11/27/18,15.38,15.5,15.05,15.46,15.46,499900
11/28/18,15.5,16.33,15.38,16.280001,16.280001,691100
11/29/18,16.1,17.6,16.1,17.120001,17.120001,1303600
11/30/18,17.049999,17.43,16.790001,16.959999,16.959999,848300
12/3/18,17.25,17.290001,16.52,17.15,17.15,577500
12/4/18,17.02,17.18,16.690001,16.799999,16.799999,896100
12/6/18,16.58,17.610001,16.309999,17.58,17.58,1329300
12/7/18,17.57,17.940001,17.27,17.459999,17.459999,1324000
12/10/18,17.48,17.49,16.799999,16.99,16.99,927300
12/11/18,17.09,17.26,16.610001,16.799999,16.799999,553100
12/12/18,16.93,17.32,16.85,17.07,17.07,533900
12/13/18,17.15,17.41,16.57,16.780001,16.780001,820300
12/14/18,16.43,16.6,15.9,15.91,15.91,743200
12/17/18,15.9,16.129999,15.31,15.38,15.38,798200
12/18/18,15.5,15.69,15,15.14,15.14,570200
12/19/18,15.18,15.28,14.42,14.53,14.53,1042800
12/20/18,14.55,14.68,14.05,14.21,14.21,1000800
12/21/18,14.21,14.38,13.565,14.09,14.09,1102600
12/24/18,13.91,14.17,13.81,13.92,13.92,431100
12/26/18,13.96,15.02,13.67,14.93,14.93,597100
12/27/18,14.62,15.2,14.06,15.19,15.19,731300
12/28/18,15.26,15.349,14.1,14.46,14.46,822600
12/31/18,14.47,14.507,13.92,14.4,14.4,909700
1/2/19,14.01,14.751,13.9,14.57,14.57,423800
1/3/19,14.51,15.13,14.19,14.65,14.65,577400
1/4/19,14.88,15.48,14.72,15.2,15.2,457800
1/7/19,15.25,15.88,15.14,15.8,15.8,537400
1/8/19,15.33,15.633,14.95,15.56,15.56,589800
1/9/19,15.12,15.9,15.11,15.78,15.78,602800
1/10/19,15.66,16.389999,15.515,16.360001,16.360001,633700
1/11/19,16.309999,16.969999,16.15,16.959999,16.959999,544500
1/14/19,16.92,17.219999,16.715,17.120001,17.120001,678600
1/15/19,17.16,17.360001,16.625,17.200001,17.200001,1345700
1/16/19,17.23,17.620001,16.549999,17.370001,17.370001,768900
1/17/19,17.25,18.065001,17.18,18.01,18.01,791400
1/18/19,17.93,18.681,17.66,18.48,18.48,1126100
1/22/19,17.75,17.83,16.15,16.16,16.16,1383600
1/23/19,16.110001,16.395,15.7,15.86,15.86,665800
1/24/19,16.1,16.18,15.59,16.129999,16.129999,485700
1/25/19,16.25,16.82,16.120001,16.709999,16.709999,391100
1/28/19,16.6,17.1,16.33,16.940001,16.940001,392500
1/29/19,17,17.93,17,17.6,17.6,746600
1/30/19,17.700001,17.879999,17.139999,17.18,17.18,1077300
1/31/19,17.24,17.91,17.209999,17.889999,17.889999,779800
2/1/19,17.9,17.98,17.4,17.469999,17.469999,571600
2/4/19,17.83,18.360001,17.540001,18.219999,18.219999,1116000
2/5/19,18.33,18.690001,18.190001,18.68,18.68,702000
2/6/19,18.559999,18.68,17.99,18.309999,18.309999,754500
2/7/19,18.26,18.368999,17.23,17.73,17.73,1152500
2/8/19,17.709999,18.219999,17.700001,18.139999,18.139999,534000
2/11/19,18.209999,18.42,18.07,18.120001,18.120001,628700
2/12/19,18.459999,18.459999,18,18.18,18.18,819400
2/13/19,18.190001,18.385,17.74,18.16,18.16,902400
2/14/19,18.139999,18.700001,17.969999,18.33,18.33,1381600
2/15/19,18.709999,20.08,18.709999,19.99,19.99,4779300
2/19/19,19.639999,19.9,18.52,19.1,19.1,2143300
2/20/19,19.030001,19.24,18.469999,18.65,18.65,1501000
2/21/19,18.6,19.209999,18.257,19.059999,19.059999,832400
2/22/19,19.559999,19.860001,19.379999,19.709999,19.709999,1134600
2/25/19,19.75,19.84,19.17,19.52,19.52,1023400
2/26/19,19.469999,19.5,18.809999,19.110001,19.110001,975400
2/27/19,19.07,19.639999,18.709999,19.610001,19.610001,1084500
2/28/19,19.52,20.309999,18.889999,19.969999,19.969999,4574900
3/1/19,20.52,20.530001,19.379999,20,20,1846700
3/4/19,20.370001,20.6,19.92,20.43,20.43,1486800
3/5/19,20.5,20.74,20.26,20.42,20.42,982000
3/6/19,20.26,20.33,19.209999,19.440001,19.440001,1705700
3/7/19,19.469999,19.639999,19.129999,19.16,19.16,944700
3/8/19,19.1,19.43,18.82,19.07,19.07,2081500
3/11/19,19.15,19.32,18.879999,19.129999,19.129999,2065200
3/12/19,19.25,19.309999,18.9,19.09,19.09,1027000
3/13/19,19.190001,19.280001,18.84,19.09,19.09,602600
3/14/19,19.09,19.235001,18.370001,18.5,18.5,972000
3/15/19,18.65,18.719999,18.33,18.48,18.48,1261300
3/18/19,18.559999,19.08,18.35,18.450001,18.450001,690200
3/19/19,18.66,19.33,18.65,19.049999,19.049999,1307200
3/20/19,19.049999,19.370001,18.76,19.030001,19.030001,951800
3/21/19,19.030001,19.59,18.950001,19.51,19.51,795700
3/22/19,19.48,20.139999,19.325001,19.42,19.42,1025100
3/25/19,19.33,19.629999,18.870001,19.549999,19.549999,883400
3/26/19,19.889999,20.51,19.795,20.08,20.08,1136000
3/27/19,20.290001,20.790001,20.08,20.639999,20.639999,865000
3/28/19,20.75,20.799999,19.82,20.299999,20.299999,1363000
3/29/19,20.459999,20.530001,20.139999,20.27,20.27,634000
4/1/19,20.67,21.950001,20.549,21.65,21.65,2521800
4/2/19,21.51,22.32,21.43,22.26,22.26,1121700
4/3/19,22.370001,22.940001,22.23,22.639999,22.639999,1051100
4/4/19,22.610001,22.84,22.059999,22.799999,22.799999,1031300
4/5/19,22.85,23.469999,22.799999,23.450001,23.450001,1708000
4/8/19,22.959999,23.41,22.780001,22.860001,22.860001,999400
4/9/19,22.790001,22.815001,21.73,21.959999,21.959999,780700
4/10/19,21.92,22.549999,21.9,22.450001,22.450001,446000
4/11/19,22.469999,22.719999,22.200001,22.559999,22.559999,437400
4/12/19,23,23.25,22.42,22.75,22.75,591300
4/15/19,22.74,22.959999,22.146,22.24,22.24,499600
4/16/19,22.200001,22.450001,22.129999,22.209999,22.209999,478100
4/17/19,22.290001,22.305,21.4,21.790001,21.790001,604900
4/18/19,21.77,22.25,21.540001,22.15,22.15,636400
4/22/19,22.18,22.24,21.360001,21.48,21.48,491600
4/23/19,21.5,22.01,21.474001,21.82,21.82,567000
4/24/19,21.790001,22.01,21.07,21.139999,21.139999,596300
4/25/19,21.1,21.73,21.030001,21.42,21.42,584500
4/26/19,21.450001,21.940001,21.35,21.799999,21.799999,752000
4/29/19,21.84,22.042999,21.65,21.860001,21.860001,354000
4/30/19,21.9,21.93,20.48,20.68,20.68,1275100
5/1/19,20.82,21.15,19.76,19.879999,19.879999,1188900
5/2/19,19.76,20.370001,19.370001,19.6,19.6,1020600
5/3/19,19.74,20.389999,19.66,20.299999,20.299999,605100
5/6/19,19.9,20.530001,19.799999,20.450001,20.450001,508300
5/7/19,20.379999,20.780001,20.23,20.709999,20.709999,978600
5/8/19,20.57,20.709999,19.91,20.040001,20.040001,2035400
5/9/19,18.379999,18.5,16.950001,16.959999,16.959999,6608300
5/10/19,17.030001,17.700001,17.004999,17.030001,17.030001,2315300
5/13/19,16.9,16.99,16.700001,16.73,16.73,1238200
5/14/19,16.93,17.57,16.93,17.35,17.35,1099700
5/15/19,17.25,17.450001,17.18,17.299999,17.299999,946000
5/16/19,17.26,17.495001,16.790001,16.92,16.92,1023600
5/17/19,16.879999,17.59,16.84,17.370001,17.370001,1276300
5/20/19,17.23,17.4,16.969999,16.98,16.98,627500
5/21/19,17.110001,17.705,17.02,17.5,17.5,959400
5/22/19,17.700001,17.73,17.290001,17.379999,17.379999,660200
5/23/19,17.309999,17.34,16.790001,16.940001,16.940001,935700
5/24/19,17.08,17.389999,17.08,17.26,17.26,816700
5/28/19,17.389999,17.75,17.219999,17.469999,17.469999,2730300
5/29/19,17.290001,17.42,16.6,16.73,16.73,1215200
5/30/19,16.790001,16.9,16.309999,16.389999,16.389999,899600
5/31/19,16.15,16.25,15.735,15.76,15.76,1207500
6/3/19,15.78,15.873,15.39,15.51,15.51,1475900
6/4/19,15.75,16.379999,15.59,16.290001,16.290001,1734000
6/5/19,16.43,16.43,15.93,16.01,16.01,544400
6/6/19,15.99,16.18,15.83,16.08,16.08,506500
6/7/19,16.110001,17.07,16.030001,16.85,16.85,1324800
6/10/19,18.15,18.35,17.82,18.110001,18.110001,1386700
6/11/19,18.309999,18.389999,17.57,17.790001,17.790001,901000
6/12/19,17.76,17.9,17.565001,17.67,17.67,360500
6/13/19,17.780001,18.120001,17.780001,18.040001,18.040001,573600
6/14/19,17.99,18.059999,17.65,17.9,17.9,999400
6/17/19,17.959999,18.355,17.9,18.219999,18.219999,899700
6/18/19,18.34,18.625,18.299,18.5,18.5,810300
6/19/19,18.459999,18.52,18.309999,18.4,18.4,738500
6/20/19,18.58,18.816999,18.33,18.67,18.67,1071900
6/21/19,18.68,18.82,18.5,18.52,18.52,1543100
6/24/19,18.700001,18.745001,18.27,18.52,18.52,1081600
6/25/19,18.559999,18.719999,17.33,17.34,17.34,941600
6/26/19,17.549999,17.82,17.01,17.200001,17.200001,766500
6/27/19,17.32,17.809999,17.25,17.790001,17.790001,684600
6/28/19,17.83,18.110001,17.83,17.98,17.98,2095000
7/1/19,18.219999,18.35,17.889999,17.940001,17.940001,776700
7/2/19,17.940001,18.049999,17.6,17.969999,17.969999,721500
7/3/19,18.049999,18.059999,17.5,17.639999,17.639999,467200
7/5/19,17.549999,17.879999,17.24,17.780001,17.780001,464500
7/8/19,17.84,18.040001,17.700001,17.889999,17.889999,539200
7/9/19,17.889999,18.379999,17.889999,17.969999,17.969999,976000
7/10/19,18.709999,18.722,17.565001,17.940001,17.940001,1074900
7/11/19,18,18.18,17.68,17.709999,17.709999,929500
7/12/19,17.809999,18.049999,17.59,17.879999,17.879999,814300
7/15/19,18,18,17,17.52,17.52,1077200
7/16/19,17.459999,17.540001,17.110001,17.120001,17.120001,737500
7/17/19,17.77,18.040001,17.389999,17.58,17.58,1079200
7/18/19,17.49,17.549999,16.799999,16.85,16.85,862700
7/19/19,16.799999,17.1,16.655001,16.98,16.98,707300
7/22/19,16.91,17.4,16.77,17.379999,17.379999,727900
7/23/19,16.870001,17.799999,16.704,17.790001,17.790001,1094800
7/24/19,17.620001,17.99,17.200001,17.98,17.98,858500
7/25/19,18,18.15,17.5,17.59,17.59,610900
7/26/19,17.6,17.995001,17.6,17.959999,17.959999,557400
7/29/19,17.91,18.042999,17.040001,17.459999,17.459999,1012000
7/30/19,17.360001,18.030001,17.35,18.01,18.01,649500
7/31/19,18.09,18.639999,17.93,18.040001,18.040001,1090900
8/1/19,18.139999,18.280001,17.58,17.719999,17.719999,1201700
8/2/19,18.879999,19.75,18,19.66,19.66,3823000
8/5/19,19,19.379999,18.209999,18.85,18.85,1810800
8/6/19,19.02,19.52,18.733999,19.51,19.51,881800
8/7/19,19.219999,20.01,19.059999,20,20,1335600
8/8/19,19.690001,19.809999,18.360001,18.690001,18.690001,2819700
8/9/19,18.610001,19.219999,18.52,19.129999,19.129999,897700
8/12/19,19.139999,19.190001,18.219999,18.27,18.27,828700
8/13/19,18.27,18.620001,17.98,18.200001,18.200001,751300
8/14/19,17.98,18.042999,17.51,17.77,17.77,759200
8/15/19,17.65,17.67,16.76,16.76,16.76,1488500
8/16/19,16.84,17.205,16.58,17.01,17.01,1365500
8/19/19,17.190001,17.190001,16.629999,17.040001,17.040001,946500
8/20/19,17.09,17.575001,16.950001,17.450001,17.450001,819600
8/21/19,18.1,18.49,17.709999,18.389999,18.389999,1039500
8/22/19,18.43,18.450001,17.75,18.040001,18.040001,729300
8/23/19,17.809999,18.09,16.82,16.860001,16.860001,879300
8/26/19,17.110001,17.129999,16.780001,16.870001,16.870001,586900
8/27/19,16.889999,17.059999,16.41,16.459999,16.459999,815100
8/28/19,16.5,17.08,16.280001,16.92,16.92,428600
8/29/19,17.030001,17.1,16.530001,16.73,16.73,656200
8/30/19,16.780001,17,16.629999,16.889999,16.889999,429400
9/3/19,16.690001,16.768999,16.309999,16.450001,16.450001,641800
9/4/19,16.620001,16.879999,15.8,16.24,16.24,1087100
9/5/19,16.4,16.66,16.139,16.65,16.65,809300
9/6/19,16.65,16.860001,16.440001,16.52,16.52,315200
9/9/19,16.559999,17.389999,16.33,17.209999,17.209999,845000
9/10/19,17.120001,17.91,17.02,17.870001,17.870001,581500
9/11/19,17.93,18.27,17.58,17.889999,17.889999,669100
9/12/19,17.889999,18.23,17.700001,18.07,18.07,476400
9/13/19,18.030001,18.24,17.860001,17.91,17.91,381000
9/16/19,17.92,18.719999,17.83,18.690001,18.690001,706800
9/17/19,18.93,18.93,18.23,18.389999,18.389999,457500
9/18/19,18.33,18.65,17.530001,17.799999,17.799999,621900
9/19/19,17.84,17.934999,16.75,17.18,17.18,1550900
9/20/19,17.1,17.450001,16.84,17.16,17.16,1374300
9/23/19,17.17,17.290001,17.01,17.26,17.26,752400
9/24/19,17.24,17.35,16.582001,16.709999,16.709999,785600
9/25/19,16.610001,17.309999,16.610001,17.094999,17.094999,800300
9/26/19,17.110001,17.33,16.719999,16.764999,16.764999,836700
9/27/19,16.719999,17.040001,16.290001,16.67,16.67,623800
9/30/19,16.620001,16.959999,16.465,16.84,16.84,449300
10/1/19,16.940001,17.004999,15.78,16.02,16.02,1054700
10/2/19,15.8,16,14.7,15.975,15.975,2685300
10/3/19,15.97,16,15.39,15.59,15.59,595600
10/4/19,15.62,15.74,15.32,15.68,15.68,625100
10/7/19,15.66,16,15.5,15.64,15.64,630700
10/8/19,15.54,15.64,15.3,15.43,15.43,517100
10/9/19,15.53,15.83,15.36,15.57,15.57,787500
10/10/19,15.63,15.99,15.44,15.57,15.57,863100
10/11/19,15.75,16.66,15.6,16.445,16.445,1787000
10/14/19,16.450001,16.450001,15.68,16.209999,16.209999,755300
10/15/19,16.139999,16.84,16.07,16.700001,16.700001,713000
10/16/19,16.629999,17.620001,16.6,17.59,17.59,1262300
10/17/19,17.549999,18.32,17.290001,18.1,18.1,1145800
10/18/19,18.01,18.440001,17.93,18.219999,18.219999,1154400
10/21/19,18.24,18.459999,18.219999,18.32,18.32,568800
10/22/19,18.290001,18.690001,18.139999,18.58,18.58,860000
10/23/19,18.559999,18.629999,18.1,18.469999,18.469999,480200
10/24/19,18.42,18.445,17.51,17.950001,17.950001,786600
10/25/19,17.76,18.27,17.68,17.969999,17.969999,807500
10/28/19,18,18.514999,18,18.290001,18.290001,473600
10/29/19,18.200001,18.24,18,18.15,18.15,469000
10/30/19,17.91,18.18,17.809999,17.809999,17.809999,627600
10/31/19,17.75,17.75,17.200001,17.389999,17.389999,761400
11/1/19,17.42,18.290001,17.389999,18.25,18.25,806900
11/4/19,18.26,18.719999,18.24,18.370001,18.370001,1152700
11/5/19,18.5,18.969999,18.280001,18.885,18.885,1122700
11/6/19,18.860001,18.860001,18.4,18.540001,18.540001,1457600
11/7/19,20,20,17.377001,17.950001,17.950001,4133700
11/8/19,18.030001,20.360001,17.99,20.190001,20.190001,3361000
11/11/19,19.91,20.950001,19.59,20.76,20.76,1702000
11/12/19,20.84,21.18,20.309999,20.41,20.41,1047000
11/13/19,19.959999,20.23,19.613001,20.08,20.08,1218600
11/14/19,20.040001,20.549999,19.92,20.35,20.35,1707400
11/15/19,20.5,20.6,20.26,20.299999,20.299999,1145100
11/18/19,20.18,20.33,20.030001,20.139999,20.139999,917200
11/19/19,20.17,20.32,19.959999,20.02,20.02,930000
11/20/19,19.9,20.530001,19.780001,20.49,20.49,2239400
11/21/19,20.59,21.334999,20.450001,20.67,20.67,2434300
11/22/19,20.85,21,19.98,20.09,20.09,961600
11/25/19,20.030001,20.325001,19.879999,19.969999,19.969999,1610000
11/26/19,20,20.200001,19.860001,20,20,1200500
11/27/19,20.040001,20.08,19.705,19.780001,19.780001,759800
11/29/19,19.67,19.719999,19.209999,19.280001,19.280001,814800
12/2/19,19.209999,19.389999,18.74,18.969999,18.969999,898700
12/3/19,18.76,19.42,18.610001,19.35,19.35,930000
12/4/19,19.42,20.02,19.4,20,20,721000
12/5/19,19.870001,20.58,19.799999,20.549999,20.549999,698600
12/6/19,20.780001,21.25,20.780001,21.219999,21.219999,838800
12/9/19,21.17,21.27,20.66,20.77,20.77,838200
12/10/19,21.299999,21.43,20.790001,21.295,21.295,1039500
12/11/19,21.34,21.370001,21.055,21.190001,21.190001,543100
12/12/19,21.1,21.5,21.049999,21.25,21.25,614900
12/13/19,21.219999,21.450001,21.075001,21.370001,21.370001,395800
12/16/19,21.440001,21.549999,21.311001,21.4,21.4,584400
12/17/19,21.34,21.34,20.440001,20.530001,20.530001,926000
12/18/19,20.49,21.120001,20.389999,20.93,20.93,666600
12/19/19,20.870001,21.360001,20.73,21.110001,21.110001,852800
12/20/19,21.25,21.85,20.91,21.41,21.41,1055600
12/23/19,20.83,21.65,20.827,21.48,21.48,652100
12/24/19,21.49,21.690001,21.219999,21.52,21.52,196400
12/26/19,21.620001,21.700001,21.16,21.32,21.32,434800
12/27/19,21.49,21.58,21.09,21.200001,21.200001,396900
12/30/19,21.26,21.33,20.65,21.200001,21.200001,466100
12/31/19,21.02,21.540001,21.02,21.139999,21.139999,472600
1/2/20,21.280001,21.66,21.1,21.625,21.625,1000400
1/3/20,21.370001,21.68,21.219999,21.610001,21.610001,563500
1/6/20,21.32,21.719999,21.040001,21.41,21.41,946000
1/7/20,21.389999,21.74,21.16,21.469999,21.469999,717700
1/8/20,21.4,21.719999,21.25,21.459999,21.459999,731100
1/9/20,21.59,21.809999,21.41,21.709999,21.709999,982500
1/10/20,21.709999,21.870001,21.440001,21.85,21.85,733400
1/13/20,21.73,22.33,21.73,22.25,22.25,716500
1/14/20,22.200001,22.43,22.040001,22.360001,22.360001,703900
1/15/20,22.5,24.23,22.5,23.950001,23.950001,2568400
1/16/20,24.09,24.360001,23.9,24.219999,24.219999,1228800
1/17/20,24.33,24.368999,23.389999,23.52,23.52,852300
1/21/20,23.610001,24.08,23.52,24.049999,24.049999,1239500
1/22/20,24.280001,24.723,24.120001,24.49,24.49,1069500
1/23/20,24.389999,25,24.280001,24.950001,24.950001,1335100
1/24/20,25,25.5,24.690001,25,25,968000
1/27/20,24.59,25.01,24,24.66,24.66,792200
1/28/20,24.790001,25,24.629999,24.92,24.92,938800
1/29/20,25.129999,25.25,24.629999,24.98,24.98,617900
1/30/20,24.77,25.01,24.049999,24.35,24.35,679800
1/31/20,24.25,24.440001,23.950001,24.33,24.33,1060100
2/3/20,24.33,24.719999,24.25,24.58,24.58,883200
2/4/20,24.959999,25.865,24.76,25.84,25.84,1900200
2/5/20,26,26.17,25.16,25.4,25.4,1236100
2/6/20,25.34,26.040001,25.225,25.790001,25.790001,696700
2/7/20,25.540001,25.870001,25.030001,25.1,25.1,699000
2/10/20,25.1,25.299999,24.6,24.67,24.67,1276300
2/11/20,24.719999,25.540001,24.530001,25.110001,25.110001,981300
2/12/20,25.370001,25.91,24.610001,25.5,25.5,1534400
2/13/20,27.344999,30.450001,27,30.110001,30.110001,9507500
2/14/20,29.950001,31.5,29.57,31.23,31.23,3931000
2/18/20,30.92,31.84,30.51,30.9,30.9,2425800
2/19/20,30.92,31.65,30.52,31.389999,31.389999,1169400
2/20/20,31.51,32.529999,31.15,32.209999,32.209999,1901300
2/21/20,32.66,32.77,31.969999,32.43,32.43,1933000
2/24/20,30.93,32.021,30.799999,31.629999,31.629999,1609300
2/25/20,31.870001,31.9,29.549999,29.75,29.75,1789500
2/26/20,29.790001,30.76,29.24,29.26,29.26,1583800
2/27/20,28.43,28.99,27.4,27.690001,27.690001,1666800
2/28/20,26.690001,27.59,26.139,27.059999,27.059999,2822500
3/2/20,27.07,28.68,26.75,28.620001,28.620001,1484700
3/3/20,28.93,29.76,28.18,29.030001,29.030001,1248700
3/4/20,29.639999,30.58,29.299999,29.700001,29.700001,2209200
3/5/20,28.959999,29.559999,28.23,28.809999,28.809999,1568000
3/6/20,27.959999,28.309999,25.125,26.4,26.4,2985400
3/9/20,24.059999,24.370001,23,23.01,23.01,1871500
3/10/20,24.26,24.26,22.01,23.74,23.74,1540000
3/11/20,22.91,23.690001,21.540001,21.719999,21.719999,1498200
3/12/20,19.66,19.9,17.27,17.299999,17.299999,2790900
3/13/20,18.57,18.854,16,17.139999,17.139999,3222200
3/16/20,14,15.69,13.48,13.74,13.74,2997300
3/17/20,14,15.19,12.34,13.69,13.69,3275400
3/18/20,12.76,13.15,9.63,10.33,10.33,3253400
3/19/20,10.24,12.69,10.24,12.04,12.04,3564200
3/20/20,12.54,13.3,11.29,11.6,11.6,3687100
3/23/20,11.5,12.34,11.06,11.96,11.96,2554000
3/24/20,12.82,16.34,12.79,16.200001,16.200001,4212400
3/25/20,16.290001,18.68,16.08,18.16,18.16,3106400
3/26/20,18.16,19.700001,17.549999,18.790001,18.790001,2830500
3/27/20,17.209999,17.58,15.5,16.09,16.09,2240000
3/30/20,15.85,16.370001,15.1,15.96,15.96,1636500
3/31/20,16,16.120001,15.02,15.42,15.42,2375800
4/1/20,14.65,14.82,13.37,13.5,13.5,1630000
4/2/20,13.31,13.98,13.08,13.52,13.52,1106900
4/3/20,13.54,13.65,12.95,13.36,13.36,1422200
4/6/20,14.44,16.424999,14.205,16.299999,16.299999,2023400
4/7/20,17.9,18.129999,16.139999,16.549999,16.549999,2672200
4/8/20,17.290001,18.379999,16.93,17.25,17.25,1869700
4/9/20,18,18.98,17.49,18.52,18.52,2709500
4/13/20,18.4,18.4,17.07,17.9,17.9,1476900
4/14/20,18.219999,19.5,18.219999,19.34,19.34,1426100
4/15/20,18.27,18.799999,17.559999,18.459999,18.459999,1536900
4/16/20,18.030001,18.73,16.719999,16.940001,16.940001,1779300
4/17/20,18.209999,18.530001,17.5,18.360001,18.360001,1515100
4/20/20,17.389999,18.57,17.257,17.709999,17.709999,1016800
4/21/20,17.030001,17.49,16.549999,17.35,17.35,1294700
4/22/20,17.83,17.950001,17.059999,17.309999,17.309999,1036700
4/23/20,17.57,19.084,17.57,18.66,18.66,1182300
4/24/20,18.709999,19.459999,18.35,19.24,19.24,996500
4/27/20,19.559999,20.559999,19.32,20.360001,20.360001,1222200
4/28/20,21,21.18,19.67,19.74,19.74,982800
4/29/20,20.74,21.860001,20.131001,21.43,21.43,1587100
4/30/20,20.85,21.530001,20.360001,21.129999,21.129999,976600
5/1/20,20.17,20.58,19,19.290001,19.290001,1389100
5/4/20,18.75,19.9,18.34,19.84,19.84,1101400
5/5/20,20.34,20.84,20.030001,20.190001,20.190001,1229300
5/6/20,20.4,21.778,20.275,21.5,21.5,1587500
5/7/20,22,23.139999,21.76,22.65,22.65,1633300
5/8/20,23.790001,25.82,22.67,24.5,24.5,2757300
5/11/20,23.5,25.35,23.25,24.83,24.83,1835100
5/12/20,25,25.200001,23.709999,23.76,23.76,1778200
5/13/20,23.4,24.18,22.68,23.190001,23.190001,1200900
5/14/20,22.629999,23.92,22.049999,23.73,23.73,1182100
5/15/20,23.200001,24.459999,23.110001,24.24,24.24,934400
5/18/20,25.610001,27.620001,25.26,25.889999,25.889999,1642400
5/19/20,25.73,26.629999,25.639999,26.200001,26.200001,1062700
5/20/20,26.870001,28.299999,26.870001,27.49,27.49,1424400
5/21/20,27.459999,27.99,26.690001,27.5,27.5,976900
5/22/20,28,29.75,27.67,29.48,29.48,1621600
5/26/20,30.1,30.950001,29.459999,29.74,29.74,1646300
5/27/20,30.65,30.934999,28.74,30.049999,30.049999,1590500
5/28/20,30.610001,30.75,29.209999,29.360001,29.360001,1272000
5/29/20,29.25,30.18,28.870001,29.99,29.99,2019000
6/1/20,29.59,30.24,29.040001,29.58,29.58,1039000
6/2/20,29.75,31.280001,29.700001,31.120001,31.120001,1440700
6/3/20,31.610001,33,31.34,32.57,32.57,2070500
6/4/20,32.650002,33.959999,32.200001,33.450001,33.450001,1666400
6/5/20,34.529999,37.240002,34.459999,34.82,34.82,2614800
6/8/20,36.560001,37.040001,34.400002,34.950001,34.950001,1427500
6/9/20,34,34.950001,33.450001,33.84,33.84,1107800
6/10/20,33.939999,34.799999,33.060001,33.98,33.98,999900
6/11/20,32.16,33.990002,31.75,32.07,32.07,1376400
6/12/20,33.389999,33.630001,31.02,32.755001,32.755001,1376100
6/15/20,31.5,34.562,31.02,34.189999,34.189999,1543300
6/16/20,35.049999,36.077999,34.16,35,35,1106700
6/17/20,35.490002,35.919998,34.080002,34.68,34.68,1342900
6/18/20,34.66,36.400002,34.25,36.389999,36.389999,1486600
6/19/20,37,37.990002,36.18,37.32,37.32,2773700
6/22/20,37.630001,38.470001,36.810001,38.41,38.41,1870900
6/23/20,38.959999,40.16,38.669998,39.685001,39.685001,1864600
6/24/20,38.919998,40,36.700001,38.080002,38.080002,1870200
6/25/20,38.75,41.305,38.549999,40.41,40.41,2047200
6/26/20,40.310001,40.650002,38.619999,38.799999,38.799999,2054100
6/29/20,39.200001,40.25,38.290001,39.360001,39.360001,1204600
6/30/20,39.400002,42.169998,39.389999,41.91,41.91,1599200
7/1/20,42.349998,42.389999,41,41.700001,41.700001,1561300
7/2/20,42.700001,42.790001,41.174999,41.950001,41.950001,1116700
7/6/20,42.509998,43.900002,41.990002,42.389999,42.389999,1421600
7/7/20,41.98,42.470001,40.349998,40.389999,40.389999,1713400
7/8/20,41.119999,41.779999,40.119999,41.689999,41.689999,1135800
7/9/20,41.549999,41.689999,38.860001,40.130001,40.130001,1164000
7/10/20,39.150002,39.41,36.189999,37.139999,37.139999,2615900
7/13/20,36.200001,37.580002,35.049999,35.869999,35.869999,2442800
7/14/20,35.869999,36.68,35.23,35.540001,35.540001,1057600
7/15/20,36.939999,37.736,36.049999,37.279999,37.279999,1594900
7/16/20,36.82,37.43,36.119999,37.290001,37.290001,773900
7/17/20,37.360001,39.200001,37.150002,38.779999,38.779999,1398500
7/20/20,38.57,40.59,38.380001,40.400002,40.400002,1042600
7/21/20,40.84,40.900002,38.25,39.59,39.59,1296700
7/22/20,39.759998,41.790001,39.709999,41.150002,41.150002,1388700
7/23/20,41.32,43.799999,40.73,41.689999,41.689999,2061400
7/24/20,41.23,41.341,39.080002,40.240002,40.240002,904000
7/27/20,40.799999,44,40.43,43.490002,43.490002,1771500
7/28/20,42.490002,42.924,39.419998,39.490002,39.490002,1936400
7/29/20,40.029999,41.689999,39.77,41.490002,41.490002,1022300
7/30/20,41.18,43.630001,40.5,42.970001,42.970001,1351200