Date,Close,Volume,Open,High,Low
7/16/21,4327.16,--,4367.43,4375.09,4322.53
7/15/21,4360.03,--,4369.02,4369.02,4340.7
7/14/21,4374.3,--,4380.11,4393.68,4362.36
7/13/21,4369.21,--,4381.07,4392.37,4366.92
7/12/21,4384.63,--,4372.41,4386.68,4364.03
7/9/21,4369.55,--,4329.38,4371.6,4329.38
7/8/21,4320.82,--,4321.07,4330.88,4289.37
7/7/21,4358.13,--,4351.01,4361.88,4329.79
7/6/21,4343.54,--,4356.46,4356.46,4314.37
7/2/21,4352.34,--,4326.6,4355.43,4326.6
7/1/21,4319.94,--,4300.73,4320.66,4300.73
6/30/21,4297.5,--,4290.65,4302.43,4287.96
6/29/21,4291.8,--,4293.21,4300.52,4287.04
6/28/21,4290.61,--,4284.9,4292.14,4274.67
6/25/21,4280.7,--,4274.45,4286.12,4271.16
6/24/21,4266.49,--,4256.97,4271.28,4256.97
6/23/21,4241.84,--,4249.27,4256.6,4241.43
6/22/21,4246.44,--,4224.61,4255.84,4217.27
6/21/21,4224.79,--,4173.4,4226.24,4173.4
6/18/21,4166.45,--,4204.78,4204.78,4164.4
6/17/21,4221.86,--,4220.37,4232.29,4196.05
6/16/21,4223.7,--,4248.87,4251.89,4202.45
6/15/21,4246.59,--,4255.28,4257.16,4238.35
6/14/21,4255.15,--,4248.31,4255.59,4234.07
6/11/21,4247.44,--,4242.9,4248.38,4232.25
6/10/21,4239.18,--,4228.56,4249.74,4220.34
6/9/21,4219.55,--,4232.99,4237.09,4218.74
6/8/21,4227.26,--,4233.81,4236.74,4208.41
6/7/21,4226.52,--,4229.34,4232.34,4215.66
6/4/21,4229.89,--,4206.05,4233.45,4206.05
6/3/21,4192.85,--,4191.43,4204.39,4167.93
6/2/21,4208.12,--,4206.82,4217.37,4198.27
6/1/21,4202.04,--,4216.52,4234.12,4197.59
5/28/21,4204.11,--,4210.77,4218.36,4203.57
5/27/21,4200.88,--,4201.94,4213.38,4197.78
5/26/21,4195.99,--,4191.59,4202.61,4184.11
5/25/21,4188.13,--,4205.94,4213.42,4182.52
5/24/21,4197.05,--,4170.16,4209.52,4170.16
5/21/21,4155.86,--,4168.61,4188.72,4151.72
5/20/21,4159.12,--,4121.97,4172.8,4121.97
5/19/21,4115.68,--,4098.45,4116.93,4061.41
5/18/21,4127.83,--,4165.94,4169.15,4125.99
5/17/21,4163.29,--,4169.92,4171.92,4142.69
5/14/21,4173.85,--,4129.58,4183.13,4129.58
5/13/21,4112.5,--,4074.99,4131.58,4074.99
5/12/21,4063.04,--,4130.55,4134.73,4056.88
5/11/21,4152.1,--,4150.34,4162.04,4111.53
5/10/21,4188.43,--,4228.29,4236.39,4188.13
5/7/21,4232.6,--,4210.34,4238.04,4201.64
5/6/21,4201.62,--,4169.14,4202.7,4147.33
5/5/21,4167.59,--,4177.06,4187.72,4160.94
5/4/21,4164.66,--,4179.04,4179.04,4128.59
5/3/21,4192.66,--,4191.98,4209.39,4188.03
4/30/21,4181.17,--,4198.1,4198.1,4174.85
4/29/21,4211.47,--,4206.14,4218.78,4176.81
4/28/21,4183.18,--,4185.14,4201.53,4181.78
4/27/21,4186.72,--,4188.25,4193.35,4176.22
4/26/21,4187.62,--,4185.03,4194.19,4182.36
4/23/21,4180.17,--,4138.78,4194.17,4138.78
4/22/21,4134.98,--,4170.46,4179.57,4123.69
4/21/21,4173.42,--,4128.42,4175.02,4126.35
4/20/21,4134.94,--,4159.18,4159.18,4118.38
4/19/21,4163.26,--,4179.8,4180.81,4150.47
4/16/21,4185.47,--,4174.14,4191.31,4170.75
4/15/21,4170.42,--,4139.76,4173.49,4139.76
4/14/21,4124.66,--,4143.25,4151.69,4120.87
4/13/21,4141.59,--,4130.1,4148,4124.43
4/12/21,4127.99,--,4124.71,4131.76,4114.82
4/9/21,4128.8,--,4096.11,4129.48,4095.51
4/8/21,4097.17,--,4089.95,4098.19,4082.54
4/7/21,4079.95,--,4074.29,4083.13,4068.31
4/6/21,4073.94,--,4075.57,4086.23,4068.14
4/5/21,4077.91,--,4034.44,4083.42,4034.44
4/1/21,4019.87,--,3992.78,4020.63,3992.78
3/31/21,3972.89,--,3967.25,3994.41,3966.98
3/30/21,3958.55,--,3963.34,3968.01,3944.35
3/29/21,3971.09,--,3969.31,3981.83,3943.25
3/26/21,3974.54,--,3917.12,3978.19,3917.12
3/25/21,3909.52,--,3879.34,3919.54,3853.5
3/24/21,3889.14,--,3919.93,3942.08,3889.07
3/23/21,3910.52,--,3937.6,3949.13,3901.57
3/22/21,3940.59,--,3916.48,3955.31,3914.16
3/19/21,3913.1,--,3913.14,3930.12,3886.75
3/18/21,3915.46,--,3953.5,3969.62,3910.86
3/17/21,3974.12,--,3949.57,3983.87,3935.74
3/16/21,3962.71,--,3973.59,3981.04,3953.44
3/15/21,3968.94,--,3942.96,3970.08,3923.54
3/12/21,3943.34,--,3924.52,3944.99,3915.21
3/11/21,3939.34,--,3915.54,3960.27,3915.54
3/10/21,3898.81,--,3891.99,3917.35,3885.73
3/9/21,3875.44,--,3851.93,3903.76,3851.93
3/8/21,3821.35,--,3844.39,3881.06,3819.25
3/5/21,3841.94,--,3793.58,3851.69,3730.19
3/4/21,3768.47,--,3818.53,3843.67,3723.34
3/3/21,3819.72,--,3863.99,3874.47,3818.86
3/2/21,3870.29,--,3903.64,3906.41,3868.57
3/1/21,3901.82,--,3842.51,3914.5,3842.51
2/26/21,3811.15,--,3839.66,3861.08,3789.54
2/25/21,3829.34,--,3915.8,3925.02,3814.04
2/24/21,3925.43,--,3873.71,3928.65,3859.6
2/23/21,3881.37,--,3857.07,3895.98,3805.59
2/22/21,3876.5,--,3885.55,3902.92,3874.71
2/19/21,3906.71,--,3921.16,3930.41,3903.07
2/18/21,3913.97,--,3915.86,3921.98,3885.03
2/17/21,3931.33,--,3918.5,3933.61,3900.43
2/16/21,3932.59,--,3939.61,3950.43,3923.85
2/12/21,3934.83,--,3911.65,3937.23,3905.78
2/11/21,3916.38,--,3916.4,3925.99,3890.39
2/10/21,3909.88,--,3920.78,3931.5,3884.94
2/9/21,3911.23,--,3910.49,3918.35,3902.64
2/8/21,3915.59,--,3892.59,3915.77,3892.59
2/5/21,3886.83,--,3878.3,3894.56,3874.93
2/4/21,3871.74,--,3836.66,3872.42,3836.66
2/3/21,3830.17,--,3840.27,3847.51,3816.68
2/2/21,3826.31,--,3791.84,3843.09,3791.84
2/1/21,3773.86,--,3731.17,3784.32,3725.62
1/29/21,3714.24,--,3778.05,3778.05,3694.12
1/28/21,3787.38,--,3755.75,3830.5,3755.75
1/27/21,3750.77,--,3836.83,3836.83,3732.48
1/26/21,3849.62,--,3862.96,3870.9,3847.78
1/25/21,3855.36,--,3851.68,3859.23,3797.16
1/22/21,3841.47,--,3844.24,3852.31,3830.41
1/21/21,3853.07,--,3857.46,3861.45,3845.05
1/20/21,3851.85,--,3816.22,3859.75,3816.22
1/19/21,3798.91,--,3781.88,3804.53,3780.37
1/15/21,3768.25,--,3788.73,3788.73,3749.62
1/14/21,3795.54,--,3814.98,3823.6,3792.86
1/13/21,3809.84,--,3802.23,3820.96,3791.5
1/12/21,3801.19,--,3801.62,3810.78,3776.51
1/11/21,3799.61,--,3803.14,3817.86,3789.02
1/8/21,3824.68,--,3815.05,3826.69,3783.6
1/7/21,3803.79,--,3764.71,3811.55,3764.71
1/6/21,3748.14,--,3712.2,3783.04,3705.34
1/5/21,3726.86,--,3698.02,3737.83,3695.07
1/4/21,3700.65,--,3764.61,3769.99,3662.71
12/31/20,3756.07,--,3733.27,3760.2,3726.88
12/30/20,3732.04,--,3736.19,3744.63,3730.21
12/29/20,3727.04,--,3750.01,3756.12,3723.31
12/28/20,3735.36,--,3723.03,3740.51,3723.03
12/24/20,3703.06,--,3694.03,3703.82,3689.32
12/23/20,3690.01,--,3693.42,3711.24,3689.28
12/22/20,3687.26,--,3698.08,3698.26,3676.16
12/21/20,3694.92,--,3684.28,3702.9,3636.48
12/18/20,3709.41,--,3722.39,3726.7,3685.84
12/17/20,3722.48,--,3713.65,3725.12,3710.87
12/16/20,3701.17,--,3696.25,3711.27,3688.57
12/15/20,3694.62,--,3666.41,3695.29,3659.62
12/14/20,3647.49,--,3675.27,3697.61,3645.84
12/11/20,3663.46,--,3656.08,3665.91,3633.4
12/10/20,3668.1,--,3659.13,3678.49,3645.18
12/9/20,3672.82,--,3705.98,3712.39,3660.54
12/8/20,3702.25,--,3683.05,3708.45,3678.83
12/7/20,3691.96,--,3694.73,3697.41,3678.88
12/4/20,3699.12,--,3670.94,3699.2,3670.94
12/3/20,3666.72,--,3668.28,3682.73,3657.17
12/2/20,3669.01,--,3653.78,3670.96,3644.84
12/1/20,3662.45,--,3645.87,3678.45,3645.87
11/30/20,3621.63,--,3634.18,3634.18,3594.39
11/27/20,3638.35,--,3638.55,3644.31,3629.33
11/25/20,3629.65,--,3635.5,3635.5,3617.76
11/24/20,3635.41,--,3594.52,3642.31,3594.52
11/23/20,3577.59,--,3566.82,3589.81,3552.77
11/20/20,3557.54,--,3579.31,3581.23,3556.85
11/19/20,3581.87,--,3559.41,3585.22,3543.84
11/18/20,3567.79,--,3612.09,3619.09,3567.33
11/17/20,3609.53,--,3610.31,3623.11,3588.68
11/16/20,3626.91,--,3600.16,3628.51,3600.16
11/13/20,3585.15,--,3552.57,3593.66,3552.57
11/12/20,3537.01,--,3562.67,3569.02,3518.58
11/11/20,3572.66,--,3563.22,3581.16,3557
11/10/20,3545.53,--,3543.26,3557.22,3511.91
11/9/20,3550.5,--,3583.04,3645.99,3547.48
11/6/20,3509.44,--,3508.34,3521.58,3484.34
11/5/20,3510.45,--,3485.74,3529.05,3485.74
11/4/20,3443.44,--,3406.46,3486.25,3405.17
11/3/20,3369.02,--,3336.25,3389.49,3336.25
11/2/20,3310.24,--,3296.2,3330.14,3279.74
10/30/20,3269.96,--,3293.59,3304.93,3233.94
10/29/20,3310.11,--,3277.17,3341.05,3259.82
10/28/20,3271.03,--,3342.48,3342.48,3268.89
10/27/20,3390.68,--,3403.15,3409.51,3388.71
10/26/20,3400.97,--,3441.42,3441.42,3364.86
10/23/20,3465.39,--,3464.9,3466.46,3440.45
10/22/20,3453.49,--,3438.5,3460.53,3415.34
10/21/20,3435.56,--,3439.91,3464.86,3433.06
10/20/20,3443.12,--,3439.38,3476.93,3435.65
10/19/20,3426.92,--,3493.66,3502.42,3419.93
10/16/20,3483.81,--,3493.5,3515.76,3480.45
10/15/20,3483.34,--,3453.72,3489.08,3440.89
10/14/20,3488.67,--,3515.47,3527.94,3480.55
10/13/20,3511.93,--,3534.01,3534.01,3500.86
10/12/20,3534.22,--,3500.02,3549.85,3499.61
10/9/20,3477.13,--,3459.67,3482.34,3458.07
10/8/20,3446.83,--,3434.28,3447.28,3428.15
10/7/20,3419.45,--,3384.56,3426.26,3384.56
10/6/20,3360.95,--,3408.74,3431.56,3354.54
10/5/20,3408.63,--,3367.27,3409.57,3367.27
10/2/20,3348.44,--,3338.94,3369.1,3323.69
10/1/20,3380.8,--,3385.87,3397.18,3361.39
9/30/20,3363,--,3341.21,3393.56,3340.47
9/29/20,3335.47,--,3350.92,3357.92,3327.54
9/28/20,3351.6,--,3333.9,3360.74,3332.91
9/25/20,3298.46,--,3236.66,3306.88,3228.44
9/24/20,3246.59,--,3226.14,3278.7,3209.45
9/23/20,3236.92,--,3320.11,3323.35,3232.57
9/22/20,3315.57,--,3295.75,3320.31,3270.95
9/21/20,3281.06,--,3285.57,3285.57,3229.1
9/18/20,3319.47,--,3357.38,3362.27,3292.4
9/17/20,3357.01,--,3346.86,3375.17,3328.82
9/16/20,3385.49,--,3411.23,3428.92,3384.45
9/15/20,3401.2,--,3407.73,3419.48,3389.25
9/14/20,3383.54,--,3363.56,3402.93,3363.56
9/11/20,3340.97,--,3352.7,3368.95,3310.47
9/10/20,3339.19,--,3412.56,3425.55,3329.25
9/9/20,3398.96,--,3369.82,3424.77,3366.84
9/8/20,3331.84,--,3371.88,3379.97,3329.27
9/4/20,3426.96,--,3453.6,3479.15,3349.63
9/3/20,3455.06,--,3564.74,3564.85,3427.41
9/2/20,3580.84,--,3543.76,3588.11,3535.23
9/1/20,3526.65,--,3507.44,3528.03,3494.6
8/31/20,3500.31,--,3509.73,3514.77,3493.25
8/28/20,3508.01,--,3494.69,3509.23,3484.32
8/27/20,3484.55,--,3485.14,3501.38,3468.35
8/26/20,3478.73,--,3449.97,3481.07,3444.15
8/25/20,3443.62,--,3435.95,3444.21,3425.84
8/24/20,3431.28,--,3418.09,3432.09,3413.13
8/21/20,3397.16,--,3386.01,3399.96,3379.31
8/20/20,3385.51,--,3360.48,3390.8,3354.69
8/19/20,3374.85,--,3392.51,3399.54,3369.66
8/18/20,3389.78,--,3387.04,3395.06,3370.15
8/17/20,3381.99,--,3380.86,3387.59,3379.22
8/14/20,3372.85,--,3368.66,3378.51,3361.64
8/13/20,3373.43,--,3372.95,3387.24,3363.35
8/12/20,3380.35,--,3355.46,3387.89,3355.46
8/11/20,3333.69,--,3370.34,3381.01,3326.44
8/10/20,3360.47,--,3356.04,3363.29,3335.44
8/7/20,3351.28,--,3340.05,3352.54,3328.72
8/6/20,3349.16,--,3323.17,3351.03,3318.14
8/5/20,3327.77,--,3317.37,3330.77,3317.37
8/4/20,3306.51,--,3296.6,3306.84,3286.37
8/3/20,3294.61,--,3288.26,3302.73,3284.53
7/31/20,3271.12,--,3270.45,3272.17,3220.26
7/30/20,3246.22,--,3231.76,3250.92,3204.13
7/29/20,3258.44,--,3227.22,3264.74,3227.22
7/28/20,3218.44,--,3234.27,3243.72,3216.17
7/27/20,3239.41,--,3219.84,3241.43,3214.25
7/24/20,3215.63,--,3218.58,3227.26,3200.05
7/23/20,3235.66,--,3271.64,3279.99,3222.66
7/22/20,3276.02,--,3254.86,3279.32,3253.1
7/21/20,3257.3,--,3268.52,3277.29,3247.77
7/20/20,3251.84,--,3224.29,3258.61,3215.16
7/17/20,3224.73,--,3224.21,3233.52,3205.65
7/16/20,3215.57,--,3208.36,3220.39,3198.59
7/15/20,3226.56,--,3225.98,3238.28,3200.76
7/14/20,3197.52,--,3141.11,3200.95,3127.66
7/13/20,3155.22,--,3205.08,3235.32,3149.43
7/10/20,3185.04,--,3152.47,3186.82,3136.22
7/9/20,3152.05,--,3176.17,3179.78,3115.7
7/8/20,3169.94,--,3153.07,3171.8,3136.53
7/7/20,3145.32,--,3166.44,3184.15,3142.93
7/6/20,3179.72,--,3155.29,3182.59,3155.29
7/2/20,3130.01,--,3143.64,3165.81,3124.52
7/1/20,3115.86,--,3105.92,3128.44,3101.17
6/30/20,3100.29,--,3050.2,3111.51,3047.83
6/29/20,3053.24,--,3018.59,3053.89,2999.74
6/26/20,3009.05,--,3073.2,3073.73,3004.63
6/25/20,3083.76,--,3046.6,3086.25,3024.01
6/24/20,3050.33,--,3114.4,3115.01,3032.13
6/23/20,3131.29,--,3138.7,3154.9,3127.12
6/22/20,3117.86,--,3094.42,3120.92,3079.39
6/19/20,3097.74,--,3140.29,3155.53,3083.11
6/18/20,3115.34,--,3101.64,3120,3093.51
6/17/20,3113.49,--,3136.13,3141.16,3108.03
6/16/20,3124.74,--,3131,3153.45,3076.06
6/15/20,3066.59,--,2993.76,3079.76,2965.66
6/12/20,3041.31,--,3071.04,3088.42,2984.47
6/11/20,3002.1,--,3123.53,3123.53,2999.49
6/10/20,3190.14,--,3213.42,3223.27,3181.49
6/9/20,3207.18,--,3213.32,3222.71,3193.11
6/8/20,3232.39,--,3199.92,3233.13,3196
6/5/20,3193.93,--,3163.84,3211.72,3163.84
6/4/20,3112.35,--,3111.56,3128.91,3090.41
6/3/20,3122.87,--,3098.9,3130.94,3098.9
6/2/20,3080.82,--,3064.78,3081.07,3051.64
6/1/20,3055.73,--,3038.78,3062.18,3031.54
5/29/20,3044.31,--,3025.17,3049.17,2998.61
5/28/20,3029.73,--,3046.61,3068.67,3023.4
5/27/20,3036.13,--,3015.65,3036.25,2969.75
5/26/20,2991.77,--,3004.08,3021.72,2988.17
5/22/20,2955.45,--,2948.05,2956.76,2933.59
5/21/20,2948.51,--,2969.95,2978.5,2938.57
5/20/20,2971.61,--,2953.63,2980.29,2953.63
5/19/20,2922.94,--,2948.59,2964.21,2922.35
5/18/20,2953.91,--,2913.86,2968.09,2913.86
5/15/20,2863.7,--,2829.95,2865.01,2816.78
5/14/20,2852.5,--,2794.54,2852.8,2766.64
5/13/20,2820,--,2865.86,2874.14,2793.15
5/12/20,2870.12,--,2939.5,2945.82,2869.59
5/11/20,2930.32,--,2915.46,2944.25,2903.44
5/8/20,2929.8,--,2908.83,2932.16,2902.88
5/7/20,2881.19,--,2878.26,2901.92,2876.48
5/6/20,2848.42,--,2883.14,2891.11,2847.65
5/5/20,2868.44,--,2868.88,2898.23,2863.55
5/4/20,2842.74,--,2815.01,2844.24,2797.85
5/1/20,2830.71,--,2869.09,2869.09,2821.61
4/30/20,2912.43,--,2930.91,2930.91,2892.47
4/29/20,2939.51,--,2918.46,2954.86,2912.16
4/28/20,2863.39,--,2909.96,2921.15,2860.71
4/27/20,2878.48,--,2854.65,2887.72,2852.89
4/24/20,2836.74,--,2812.64,2842.71,2791.76
4/23/20,2797.8,--,2810.42,2844.9,2794.26
4/22/20,2799.31,--,2787.89,2815.1,2775.95
4/21/20,2736.56,--,2784.81,2785.54,2727.1
4/20/20,2823.16,--,2845.62,2868.98,2820.43
4/17/20,2874.56,--,2842.43,2879.22,2830.88
4/16/20,2799.55,--,2799.34,2806.51,2764.32
4/15/20,2783.36,--,2795.64,2801.88,2761.54
4/14/20,2846.06,--,2805.1,2851.85,2805.1
4/13/20,2761.63,--,2782.46,2782.46,2721.17
4/9/20,2789.82,--,2776.99,2818.57,2762.36
4/8/20,2749.98,--,2685,2760.75,2663.3
4/7/20,2659.41,--,2738.65,2756.89,2657.67
4/6/20,2663.68,--,2578.28,2676.85,2574.57
4/3/20,2488.65,--,2514.92,2538.18,2459.96
4/2/20,2526.9,--,2458.54,2533.22,2455.79
4/1/20,2470.5,--,2498.08,2522.75,2447.49
3/31/20,2584.59,--,2614.69,2641.39,2571.15
3/30/20,2626.65,--,2558.98,2631.8,2545.28
3/27/20,2541.47,--,2555.87,2615.91,2520.02
3/26/20,2630.07,--,2501.29,2637.01,2500.72
3/25/20,2475.56,--,2457.77,2571.42,2407.53
3/24/20,2447.33,--,2344.44,2449.71,2344.44
3/23/20,2237.4,--,2290.71,2300.73,2191.86
3/20/20,2304.92,--,2431.94,2453.01,2295.56
3/19/20,2409.39,--,2393.48,2466.97,2319.78
3/18/20,2398.1,--,2436.5,2453.57,2280.52
3/17/20,2529.19,--,2425.66,2553.93,2367.04
3/16/20,2386.13,--,2508.59,2562.98,2380.94
3/13/20,2711.02,--,2569.99,2711.33,2492.37
3/12/20,2480.64,--,2630.86,2660.95,2478.86
3/11/20,2741.38,--,2825.6,2825.6,2707.22
3/10/20,2882.23,--,2813.48,2882.59,2734
3/9/20,2746.56,--,2863.89,2863.89,2734.43
3/6/20,2972.37,--,2954.2,2985.93,2901.54
3/5/20,3023.94,--,3075.7,3083.04,2999.83
3/4/20,3130.12,--,3045.75,3130.97,3034.38
3/3/20,3003.37,--,3096.46,3136.72,2976.63
3/2/20,3090.23,--,2974.28,3090.96,2945.19
2/28/20,2954.22,--,2916.9,2959.72,2855.84
2/27/20,2978.76,--,3062.54,3097.07,2977.39
2/26/20,3116.39,--,3139.9,3182.51,3108.99
2/25/20,3128.21,--,3238.94,3246.99,3118.77
2/24/20,3225.89,--,3257.61,3259.81,3214.65
2/21/20,3337.75,--,3360.5,3360.76,3328.45
2/20/20,3373.23,--,3380.45,3389.15,3341.02
2/19/20,3386.15,--,3380.39,3393.52,3378.83
2/18/20,3370.29,--,3369.04,3375.01,3355.61
2/14/20,3380.16,--,3378.08,3380.69,3366.15
2/13/20,3373.94,--,3365.9,3385.09,3360.52
2/12/20,3379.45,--,3370.5,3381.47,3369.72
2/11/20,3357.75,--,3365.87,3375.63,3352.72
2/10/20,3352.09,--,3318.28,3352.26,3317.77
2/7/20,3327.71,--,3335.54,3341.42,3322.12
2/6/20,3345.78,--,3344.92,3347.96,3334.39
2/5/20,3334.69,--,3324.91,3337.58,3313.75
2/4/20,3297.59,--,3280.61,3306.92,3280.61
2/3/20,3248.92,--,3235.66,3268.44,3235.66
1/31/20,3225.52,--,3282.33,3282.33,3214.68
1/30/20,3283.66,--,3256.45,3285.91,3242.8
1/29/20,3273.4,--,3289.46,3293.47,3271.89
1/28/20,3276.24,--,3255.35,3285.78,3253.22
1/27/20,3243.63,--,3247.16,3258.85,3234.5
1/24/20,3295.47,--,3333.1,3333.18,3281.53
1/23/20,3325.54,--,3315.77,3326.88,3301.87
1/22/20,3321.75,--,3330.02,3337.77,3320.04
1/21/20,3320.79,--,3321.03,3329.79,3316.61
1/17/20,3329.62,--,3323.66,3329.88,3318.86
1/16/20,3316.81,--,3302.97,3317.11,3302.82
1/15/20,3289.29,--,3282.27,3298.66,3280.69
1/14/20,3283.15,--,3285.35,3294.25,3277.19
1/13/20,3288.13,--,3271.13,3288.13,3268.43
1/10/20,3265.35,--,3281.81,3282.99,3260.86
1/9/20,3274.7,--,3266.03,3275.58,3263.67
1/8/20,3253.05,--,3238.59,3267.07,3236.67
1/7/20,3237.18,--,3241.86,3244.91,3232.43
1/6/20,3246.28,--,3217.55,3246.84,3214.64
1/3/20,3234.85,--,3226.36,3246.15,3222.34
1/2/20,3257.85,--,3244.67,3258.14,3235.53
12/31/19,3230.78,--,3215.18,3231.72,3212.03
12/30/19,3221.29,--,3240.09,3240.92,3216.57
12/27/19,3240.02,--,3247.23,3247.93,3234.37
12/26/19,3239.91,--,3227.2,3240.08,3227.2
12/24/19,3223.38,--,3225.45,3226.43,3220.51
12/23/19,3224.01,--,3226.05,3227.78,3222.3
12/20/19,3221.22,--,3223.33,3225.65,3216.03
12/19/19,3205.37,--,3192.32,3205.48,3192.32
12/18/19,3191.14,--,3195.21,3198.48,3191.14
12/17/19,3192.52,--,3195.4,3198.22,3191.03
12/16/19,3191.45,--,3183.63,3197.71,3183.63
12/13/19,3168.8,--,3166.65,3182.68,3156.51
12/12/19,3168.57,--,3141.23,3176.28,3138.47
12/11/19,3141.63,--,3135.75,3143.98,3133.21
12/10/19,3132.52,--,3135.36,3142.12,3126.09
12/9/19,3135.96,--,3141.86,3148.87,3135.46
12/6/19,3145.91,--,3134.62,3150.6,3134.62
12/5/19,3117.43,--,3119.21,3119.45,3103.76
12/4/19,3112.76,--,3103.5,3119.38,3102.53
12/3/19,3093.2,--,3087.41,3094.97,3070.33
12/2/19,3113.87,--,3143.85,3144.31,3110.78
11/29/19,3140.98,--,3147.18,3150.3,3139.34
11/27/19,3153.63,--,3145.49,3154.26,3143.41
11/26/19,3140.52,--,3134.85,3142.69,3131
11/25/19,3133.64,--,3117.44,3133.83,3117.44
11/22/19,3110.29,--,3111.41,3112.87,3099.26
11/21/19,3103.54,--,3108.49,3110.11,3094.55
11/20/19,3108.46,--,3114.66,3118.97,3091.41
11/19/19,3120.18,--,3127.45,3127.64,3113.47
11/18/19,3122.03,--,3117.91,3124.17,3112.06
11/15/19,3120.46,--,3107.92,3120.46,3104.6
11/14/19,3096.63,--,3090.75,3098.2,3083.26
11/13/19,3094.04,--,3084.18,3098.06,3078.8
11/12/19,3091.84,--,3089.28,3102.61,3084.73
11/11/19,3087.01,--,3080.33,3088.33,3075.82
11/8/19,3093.08,--,3081.25,3093.09,3073.58
11/7/19,3085.18,--,3087.02,3097.77,3080.23
11/6/19,3076.78,--,3075.1,3078.34,3065.89
11/5/19,3074.62,--,3080.8,3083.95,3072.15
11/4/19,3078.27,--,3078.96,3085.2,3074.87
11/1/19,3066.91,--,3050.72,3066.95,3050.72
10/31/19,3037.56,--,3046.9,3046.9,3023.19
10/30/19,3046.77,--,3039.74,3050.1,3025.96
10/29/19,3036.89,--,3035.39,3047.87,3034.81
10/28/19,3039.42,--,3032.12,3044.08,3032.12
10/25/19,3022.55,--,3003.32,3027.39,3001.94
10/24/19,3010.29,--,3014.78,3016.07,3000.42
10/23/19,3004.52,--,2994.01,3004.78,2991.21
10/22/19,2995.99,--,3010.73,3014.57,2995.04
10/21/19,3006.72,--,2996.48,3007.33,2995.35
10/18/19,2986.2,--,2996.84,3000,2976.31
10/17/19,2997.95,--,3000.77,3008.29,2991.79
10/16/19,2989.69,--,2989.68,2997.54,2985.2
10/15/19,2995.68,--,2973.61,3003.28,2973.61
10/14/19,2966.15,--,2965.81,2972.84,2962.94
10/11/19,2970.27,--,2963.07,2993.28,2963.07
10/10/19,2938.13,--,2918.55,2948.46,2917.12
10/9/19,2919.4,--,2911.1,2929.32,2907.41
10/8/19,2893.06,--,2920.4,2925.47,2892.66
10/7/19,2938.79,--,2944.23,2959.75,2935.68
10/4/19,2952.01,--,2918.56,2953.74,2918.56
10/3/19,2910.63,--,2885.38,2911.13,2855.94
10/2/19,2887.61,--,2924.78,2924.78,2874.93
10/1/19,2940.25,--,2983.69,2992.53,2938.7
9/30/19,2976.74,--,2967.07,2983.85,2967.07
9/27/19,2961.79,--,2985.47,2987.31,2945.53
9/26/19,2977.62,--,2985.73,2987.28,2963.71
9/25/19,2984.87,--,2968.35,2989.82,2952.86
9/24/19,2966.6,--,3002.43,3007.98,2957.73
9/23/19,2991.78,--,2983.5,2999.15,2982.23
9/20/19,2992.07,--,3008.42,3016.37,2984.68
9/19/19,3006.79,--,3010.36,3021.99,3003.16
9/18/19,3006.73,--,3001.5,3007.83,2978.57
9/17/19,3005.7,--,2995.67,3006.21,2993.73
9/16/19,2997.96,--,2996.41,3002.19,2990.67
9/13/19,3007.39,--,3012.21,3017.33,3002.9
9/12/19,3009.57,--,3009.08,3020.74,3000.92
9/11/19,3000.93,--,2981.41,3000.93,2975.31
9/10/19,2979.39,--,2971.01,2979.39,2957.01
9/9/19,2978.43,--,2988.43,2989.43,2969.39
9/6/19,2978.71,--,2980.33,2985.03,2972.51
9/5/19,2976,--,2960.6,2985.86,2960.6
9/4/19,2937.78,--,2924.67,2938.84,2921.86
9/3/19,2906.27,--,2909.01,2914.39,2891.85
8/30/19,2926.46,--,2937.09,2940.43,2913.32
8/29/19,2924.58,--,2910.37,2930.5,2905.67
8/28/19,2887.94,--,2861.28,2890.03,2853.05
8/27/19,2869.16,--,2893.14,2898.79,2860.59
8/26/19,2878.38,--,2866.7,2879.27,2856
8/23/19,2847.11,--,2911.07,2927.01,2834.97
8/22/19,2922.95,--,2930.94,2939.08,2904.51
8/21/19,2924.43,--,2922.04,2928.73,2917.91
8/20/19,2900.51,--,2919.01,2923.63,2899.6
8/19/19,2923.65,--,2913.48,2931,2913.48
8/16/19,2888.68,--,2864.74,2893.63,2864.74
8/15/19,2847.6,--,2846.2,2856.67,2825.51
8/14/19,2840.6,--,2894.15,2894.15,2839.64
8/13/19,2926.32,--,2880.72,2943.31,2877.05
8/12/19,2883.09,--,2907.07,2907.58,2873.14
8/9/19,2918.65,--,2930.51,2935.75,2900.15
8/8/19,2938.09,--,2896.21,2938.72,2894.47
8/7/19,2883.98,--,2858.65,2892.17,2825.71
8/6/19,2881.77,--,2861.18,2884.4,2847.42
8/5/19,2844.74,--,2898.07,2898.07,2822.12
8/2/19,2932.05,--,2943.9,2945.5,2914.11
8/1/19,2953.56,--,2980.32,3013.59,2945.23
7/31/19,2980.38,--,3016.22,3017.4,2958.08
7/30/19,3013.18,--,3007.66,3017.19,3000.94
7/29/19,3020.97,--,3024.47,3025.61,3014.3
7/26/19,3025.86,--,3013.25,3027.98,3012.59
7/25/19,3003.67,--,3016.26,3016.31,2997.24
7/24/19,3019.56,--,2998.77,3019.59,2996.82
7/23/19,3005.47,--,2994.74,3005.9,2988.56
7/22/19,2985.03,--,2981.93,2990.71,2976.65
7/19/19,2976.61,--,3004.26,3006.02,2975.86
7/18/19,2995.11,--,2978.87,2998.28,2973.09
7/17/19,2984.42,--,3005.1,3005.26,2984.25
7/16/19,3004.04,--,3012.13,3015.02,3001.15
7/15/19,3014.3,--,3017.8,3017.8,3008.77
7/12/19,3013.77,--,3003.36,3013.92,3001.87
7/11/19,2999.91,--,2999.62,3002.33,2988.8
7/10/19,2993.07,--,2989.3,3002.98,2984.62
7/9/19,2979.63,--,2965.52,2981.9,2963.44
7/8/19,2975.95,--,2979.77,2980.76,2970.09
7/5/19,2990.41,--,2984.25,2994.03,2967.97
7/3/19,2995.82,--,2978.08,2995.84,2977.96
7/2/19,2973.01,--,2964.66,2973.21,2955.92
7/1/19,2964.33,--,2971.41,2977.93,2952.22
6/28/19,2941.76,--,2932.94,2943.98,2929.05
6/27/19,2924.92,--,2919.66,2929.3,2918.57
6/26/19,2913.78,--,2926.07,2932.59,2912.99
6/25/19,2917.38,--,2945.78,2946.52,2916.01
6/24/19,2945.35,--,2951.42,2954.92,2944.05
6/21/19,2950.46,--,2952.71,2964.15,2946.87
6/20/19,2954.18,--,2949.6,2958.06,2931.5
6/19/19,2926.46,--,2920.55,2931.74,2911.43
6/18/19,2917.75,--,2906.71,2930.79,2905.44
6/17/19,2889.67,--,2889.75,2897.27,2887.3
6/14/19,2886.98,--,2886.82,2894.45,2879.62
6/13/19,2891.64,--,2886.24,2895.24,2881.99
6/12/19,2879.84,--,2882.73,2888.57,2874.68
6/11/19,2885.72,--,2903.27,2910.61,2878.53
6/10/19,2886.73,--,2885.83,2904.77,2885.51
6/7/19,2873.34,--,2852.87,2884.97,2852.87
6/6/19,2843.49,--,2828.51,2852.1,2822.45
6/5/19,2826.15,--,2818.09,2827.28,2800.92
6/4/19,2803.27,--,2762.64,2804.49,2762.64
6/3/19,2744.45,--,2751.53,2763.07,2728.81
5/31/19,2752.06,--,2766.15,2768.98,2750.52
5/30/19,2788.86,--,2786.94,2799,2776.74
5/29/19,2783.02,--,2790.25,2792.03,2766.06
5/28/19,2802.39,--,2830.03,2840.51,2801.58
5/24/19,2826.06,--,2832.41,2841.36,2820.19
5/23/19,2822.24,--,2836.7,2836.7,2805.49
5/22/19,2856.27,--,2856.06,2865.47,2851.11
5/21/19,2864.36,--,2854.02,2868.88,2854.02
5/20/19,2840.23,--,2841.94,2853.86,2831.29
5/17/19,2859.53,--,2858.6,2885.48,2854.23
5/16/19,2876.32,--,2855.8,2892.15,2855.8
5/15/19,2850.96,--,2820.38,2858.68,2815.08
5/14/19,2834.41,--,2820.12,2852.54,2820.12
5/13/19,2811.87,--,2840.19,2840.19,2801.43
5/10/19,2881.4,--,2863.1,2891.31,2825.39
5/9/19,2870.72,--,2859.84,2875.97,2836.4
5/8/19,2879.42,--,2879.61,2897.96,2873.28
5/7/19,2884.05,--,2913.03,2913.03,2862.6
5/6/19,2932.47,--,2908.89,2937.32,2898.21
5/3/19,2945.64,--,2929.21,2947.85,2929.21
5/2/19,2917.52,--,2922.16,2931.68,2900.5
5/1/19,2923.73,--,2952.33,2954.13,2923.36
4/30/19,2945.83,--,2937.14,2948.22,2924.11
4/29/19,2943.03,--,2940.58,2949.52,2939.35
4/26/19,2939.88,--,2925.81,2939.88,2917.56
4/25/19,2926.17,--,2928.99,2933.1,2912.84
4/24/19,2927.25,--,2934,2936.83,2926.05
4/23/19,2933.68,--,2909.99,2936.31,2908.53
4/22/19,2907.97,--,2898.78,2909.51,2896.35
4/18/19,2905.03,--,2904.81,2908.4,2891.9
4/17/19,2900.45,--,2916.04,2918,2895.45
4/16/19,2907.06,--,2912.26,2916.06,2900.71
4/15/19,2905.58,--,2908.32,2909.6,2896.48
4/12/19,2907.41,--,2900.86,2910.54,2898.37
4/11/19,2888.32,--,2891.92,2893.42,2881.99
4/10/19,2888.21,--,2881.37,2889.71,2879.13
4/9/19,2878.2,--,2886.58,2886.88,2873.33
4/8/19,2895.77,--,2888.46,2895.95,2880.78
4/5/19,2892.74,--,2884.16,2893.24,2882.99
4/4/19,2879.39,--,2873.99,2881.28,2867.14
4/3/19,2873.4,--,2876.09,2885.25,2865.17
4/2/19,2867.24,--,2868.24,2872.9,2858.75
4/1/19,2867.19,--,2848.63,2869.4,2848.63
3/29/19,2834.4,--,2828.27,2836.03,2819.23
3/28/19,2815.44,--,2809.4,2819.71,2798.77
3/27/19,2805.37,--,2819.72,2825.56,2787.72
3/26/19,2818.46,--,2812.66,2829.87,2803.99
3/25/19,2798.36,--,2796.01,2809.79,2785.02
3/22/19,2800.71,--,2844.52,2846.16,2800.47
3/21/19,2854.88,--,2819.72,2860.31,2817.38
3/20/19,2824.23,--,2831.34,2843.54,2812.43
3/19/19,2832.57,--,2840.76,2852.42,2823.27
3/18/19,2832.94,--,2822.61,2835.41,2821.99
3/15/19,2822.48,--,2810.79,2830.73,2810.79
3/14/19,2808.48,--,2810.38,2815,2803.46
3/13/19,2810.92,--,2799.78,2821.24,2799.78
3/12/19,2791.52,--,2787.34,2798.32,2786.73
3/11/19,2783.3,--,2747.61,2784,2747.61
3/8/19,2743.07,--,2730.79,2744.13,2722.27
3/7/19,2748.93,--,2766.53,2767.25,2739.09
3/6/19,2771.45,--,2790.27,2790.27,2768.69
3/5/19,2789.65,--,2794.41,2796.44,2782.97
3/4/19,2792.81,--,2814.37,2816.88,2767.66
3/1/19,2803.69,--,2798.22,2808.02,2787.38
2/28/19,2784.49,--,2788.11,2793.73,2782.51
2/27/19,2792.38,--,2787.5,2795.76,2775.13
2/26/19,2793.9,--,2792.36,2803.12,2789.47
2/25/19,2796.11,--,2804.35,2813.49,2794.99
2/22/19,2792.67,--,2780.67,2794.2,2779.11
2/21/19,2774.88,--,2780.24,2781.58,2764.55
2/20/19,2784.7,--,2779.05,2789.88,2774.06
2/19/19,2779.76,--,2769.28,2787.33,2767.29
2/15/19,2775.6,--,2760.24,2775.66,2760.24
2/14/19,2745.73,--,2743.5,2757.9,2731.23
2/13/19,2753.03,--,2750.3,2761.85,2748.63
2/12/19,2744.73,--,2722.61,2748.19,2722.61
2/11/19,2709.8,--,2712.4,2718.05,2703.79
2/8/19,2707.88,--,2692.36,2708.07,2681.83
2/7/19,2706.05,--,2717.53,2719.32,2687.26
2/6/19,2731.61,--,2735.05,2738.08,2724.15
2/5/19,2737.7,--,2728.34,2738.98,2724.03
2/4/19,2724.87,--,2706.49,2724.99,2698.75
2/1/19,2706.53,--,2702.32,2716.66,2696.88
1/31/19,2704.1,--,2685.49,2708.95,2678.65
1/30/19,2681.05,--,2653.62,2690.44,2648.34
1/29/19,2640,--,2644.89,2650.93,2631.05
1/28/19,2643.85,--,2644.97,2644.97,2624.06
1/25/19,2664.76,--,2657.44,2672.38,2657.33
1/24/19,2642.33,--,2638.84,2647.2,2627.01
1/23/19,2638.7,--,2643.48,2653.19,2612.86
1/22/19,2632.9,--,2657.88,2657.88,2617.27
1/18/19,2670.71,--,2651.27,2675.47,2647.58
1/17/19,2635.96,--,2609.28,2645.06,2606.36
1/16/19,2616.1,--,2614.75,2625.76,2612.68
1/15/19,2610.3,--,2585.1,2613.08,2585.1
1/14/19,2582.61,--,2580.31,2589.32,2570.41
1/11/19,2596.26,--,2588.11,2596.27,2577.4
1/10/19,2596.64,--,2573.51,2597.82,2562.02
1/9/19,2584.96,--,2580,2595.32,2568.89
1/8/19,2574.41,--,2568.11,2579.82,2547.56
1/7/19,2549.69,--,2535.61,2566.16,2524.56
1/4/19,2531.94,--,2474.33,2538.07,2474.33
1/3/19,2447.89,--,2491.92,2493.14,2443.96
1/2/19,2510.03,--,2476.96,2519.49,2467.47
12/31/18,2506.85,--,2498.94,2509.24,2482.82
12/28/18,2485.74,--,2498.77,2520.27,2472.89
12/27/18,2488.83,--,2442.5,2489.1,2397.94
12/26/18,2467.7,--,2363.12,2467.76,2346.58
12/24/18,2351.1,--,2400.56,2410.34,2351.1
12/21/18,2416.62,--,2465.38,2504.41,2408.55
12/20/18,2467.42,--,2496.77,2509.63,2441.18
12/19/18,2506.96,--,2547.05,2585.29,2488.96
12/18/18,2546.16,--,2559.9,2573.99,2528.71
12/17/18,2545.94,--,2590.75,2601.13,2530.54
12/14/18,2599.95,--,2629.68,2635.07,2593.84
12/13/18,2650.54,--,2658.7,2670.19,2637.27
12/12/18,2651.07,--,2658.23,2685.44,2650.26
12/11/18,2636.78,--,2664.44,2674.35,2621.3
12/10/18,2637.72,--,2630.86,2647.51,2583.23
12/7/18,2633.08,--,2691.26,2708.54,2623.14
12/6/18,2695.95,--,2663.51,2696.15,2621.53
12/4/18,2700.06,--,2782.43,2785.93,2697.18
12/3/18,2790.37,--,2790.5,2800.18,2773.38
11/30/18,2760.17,--,2737.76,2760.88,2732.76
11/29/18,2737.76,--,2736.97,2753.75,2722.94
11/28/18,2743.79,--,2691.45,2744,2684.38
11/27/18,2682.17,--,2663.75,2682.53,2655.89
11/26/18,2673.45,--,2649.97,2674.35,2649.97
11/23/18,2632.56,--,2633.36,2647.55,2631.09
11/21/18,2649.93,--,2657.74,2670.73,2649.82
11/20/18,2641.89,--,2654.6,2669.44,2631.52
11/19/18,2690.73,--,2730.74,2733.16,2681.09
11/16/18,2736.27,--,2718.54,2746.75,2712.16
11/15/18,2730.2,--,2693.52,2735.38,2670.75
11/14/18,2701.58,--,2737.9,2746.8,2685.75
11/13/18,2722.18,--,2730.05,2754.6,2714.98
11/12/18,2726.22,--,2773.93,2775.99,2722
11/9/18,2781.01,--,2794.1,2794.1,2764.24
11/8/18,2806.83,--,2806.38,2814.75,2794.99
11/7/18,2813.89,--,2774.13,2815.15,2774.13
11/6/18,2755.45,--,2738.4,2756.82,2737.08
11/5/18,2738.31,--,2726.37,2744.27,2717.94
11/2/18,2723.06,--,2745.45,2756.55,2700.44
11/1/18,2740.37,--,2717.58,2741.67,2708.85
10/31/18,2711.74,--,2705.6,2736.69,2705.6
10/30/18,2682.63,--,2640.68,2685.43,2635.34
10/29/18,2641.25,--,2682.65,2706.85,2603.54
10/26/18,2658.69,--,2667.86,2692.38,2628.16
10/25/18,2705.57,--,2674.88,2722.7,2667.84
10/24/18,2656.1,--,2737.87,2742.59,2651.89
10/23/18,2740.69,--,2721.03,2753.59,2691.43
10/22/18,2755.88,--,2773.94,2778.94,2749.22
10/19/18,2767.78,--,2775.66,2797.77,2760.27
10/18/18,2768.78,--,2802,2806.04,2755.18
10/17/18,2809.21,--,2811.67,2816.94,2781.81
10/16/18,2809.92,--,2767.05,2813.46,2766.91
10/15/18,2750.79,--,2763.83,2775.99,2749.03
10/12/18,2767.13,--,2770.54,2775.77,2729.44
10/11/18,2728.37,--,2776.87,2795.14,2710.51
10/10/18,2785.68,--,2873.9,2874.02,2784.86
10/9/18,2880.34,--,2882.51,2894.83,2874.27
10/8/18,2884.43,--,2877.53,2889.45,2862.08
10/5/18,2885.57,--,2902.54,2909.64,2869.29
10/4/18,2901.61,--,2919.35,2919.78,2883.92
10/3/18,2925.51,--,2931.69,2939.86,2921.36
10/2/18,2923.43,--,2923.8,2931.42,2919.37
10/1/18,2924.59,--,2926.29,2937.06,2917.91
9/28/18,2913.98,--,2910.03,2920.53,2907.5
9/27/18,2914,--,2911.65,2927.22,2909.27
9/26/18,2905.97,--,2916.98,2931.15,2903.28
9/25/18,2915.56,--,2921.75,2923.95,2913.7
9/24/18,2919.37,--,2921.83,2923.79,2912.63
9/21/18,2929.67,--,2936.76,2940.91,2927.11
9/20/18,2930.75,--,2919.73,2934.8,2919.73
9/19/18,2907.95,--,2906.6,2912.36,2903.82
9/18/18,2904.31,--,2890.74,2911.17,2890.43
9/17/18,2888.8,--,2903.83,2904.65,2886.16
9/14/18,2904.98,--,2906.38,2908.3,2895.77
9/13/18,2904.18,--,2896.85,2906.76,2896.39
9/12/18,2888.92,--,2888.29,2894.65,2879.2
9/11/18,2887.89,--,2871.57,2892.52,2866.78
9/10/18,2877.13,--,2881.39,2886.93,2875.94
9/7/18,2871.68,--,2868.26,2883.81,2864.12
9/6/18,2878.05,--,2888.64,2892.05,2867.29
9/5/18,2888.6,--,2891.59,2894.21,2876.92
9/4/18,2896.72,--,2896.96,2900.18,2885.13
8/31/18,2901.52,--,2898.37,2906.32,2891.73
8/30/18,2901.13,--,2908.94,2912.46,2895.22
8/29/18,2914.04,--,2900.62,2916.5,2898.4
8/28/18,2897.52,--,2901.45,2903.77,2893.5
8/27/18,2896.74,--,2884.69,2898.25,2884.69
8/24/18,2874.69,--,2862.35,2876.16,2862.35
8/23/18,2856.98,--,2860.29,2868.78,2854.03
8/22/18,2861.82,--,2860.99,2867.54,2856.05
8/21/18,2862.96,--,2861.51,2873.23,2861.32
8/20/18,2857.05,--,2853.93,2859.76,2850.62
8/17/18,2850.13,--,2838.32,2855.63,2833.73
8/16/18,2840.69,--,2831.44,2850.49,2831.44
8/15/18,2818.37,--,2827.95,2827.95,2802.49
8/14/18,2839.96,--,2827.88,2843.11,2826.58
8/13/18,2821.93,--,2835.46,2843.4,2819.88
8/10/18,2833.28,--,2839.64,2842.2,2825.81
8/9/18,2853.58,--,2857.19,2862.48,2851.98
8/8/18,2857.7,--,2856.79,2862.44,2853.09
8/7/18,2858.45,--,2855.92,2863.43,2855.92
8/6/18,2850.4,--,2840.29,2853.29,2835.98
8/3/18,2840.35,--,2829.62,2840.38,2827.37
8/2/18,2827.22,--,2800.48,2829.91,2796.34
8/1/18,2813.36,--,2821.17,2825.83,2805.85
7/31/18,2816.29,--,2809.73,2824.46,2808.06
7/30/18,2802.6,--,2819,2821.74,2798.11
7/27/18,2818.82,--,2842.35,2843.17,2808.34
7/26/18,2837.44,--,2835.49,2845.57,2835.26
7/25/18,2846.07,--,2817.73,2848.03,2817.73
7/24/18,2820.4,--,2820.68,2829.99,2811.12
7/23/18,2806.98,--,2799.17,2808.61,2795.14
7/20/18,2801.83,--,2804.55,2809.7,2800.01
7/19/18,2804.49,--,2809.37,2812.05,2799.77
7/18/18,2815.62,--,2811.35,2816.76,2805.89
7/17/18,2809.55,--,2789.34,2814.19,2789.24
7/16/18,2798.43,--,2801.43,2803.71,2793.39
7/13/18,2801.31,--,2796.93,2804.53,2791.69
7/12/18,2798.29,--,2783.14,2799.22,2781.53
7/11/18,2774.02,--,2779.82,2785.91,2770.77
7/10/18,2793.84,--,2788.56,2795.58,2786.24
7/9/18,2784.17,--,2768.51,2784.65,2768.51
7/6/18,2759.82,--,2737.68,2764.41,2733.52
7/5/18,2736.61,--,2724.19,2737.83,2716.02
7/3/18,2713.22,--,2733.27,2736.58,2711.16
7/2/18,2726.71,--,2704.95,2727.26,2698.95
6/29/18,2718.37,--,2727.13,2743.26,2718.03
6/28/18,2716.31,--,2698.69,2724.34,2691.99
6/27/18,2699.63,--,2728.45,2746.09,2699.38
6/26/18,2723.06,--,2722.12,2732.91,2715.6
6/25/18,2717.07,--,2742.94,2742.94,2698.67
6/22/18,2754.88,--,2760.79,2764.17,2752.68
6/21/18,2749.76,--,2769.28,2769.28,2744.39
6/20/18,2767.32,--,2769.73,2774.86,2763.91
6/19/18,2762.59,--,2752.01,2765.05,2743.19
6/18/18,2773.75,--,2765.79,2774.99,2757.12
6/15/18,2779.66,--,2777.78,2782.81,2761.73
6/14/18,2782.49,--,2783.21,2789.06,2776.52
6/13/18,2775.63,--,2787.94,2791.47,2774.65
6/12/18,2786.85,--,2785.6,2789.8,2778.78
6/11/18,2782,--,2780.18,2790.21,2780.17
6/8/18,2779.03,--,2765.84,2779.39,2763.59
6/7/18,2770.37,--,2774.84,2779.9,2760.16
6/6/18,2772.35,--,2753.25,2772.39,2748.46
6/5/18,2748.8,--,2748.46,2752.61,2739.51
6/4/18,2746.87,--,2741.67,2749.16,2740.54
6/1/18,2734.62,--,2718.7,2736.93,2718.7
5/31/18,2705.27,--,2720.98,2722.5,2700.68
5/30/18,2724.01,--,2702.43,2729.34,2702.43
5/29/18,2689.86,--,2705.11,2710.67,2676.81
5/25/18,2721.33,--,2723.6,2727.36,2714.99
5/24/18,2727.76,--,2730.94,2731.97,2707.38
5/23/18,2733.29,--,2713.98,2733.33,2709.54
5/22/18,2724.44,--,2738.34,2742.24,2721.88
5/21/18,2733.01,--,2725.95,2739.19,2725.7
5/18/18,2712.97,--,2717.35,2719.5,2709.18
5/17/18,2720.13,--,2719.71,2731.96,2711.36
5/16/18,2722.46,--,2712.62,2727.76,2712.17
5/15/18,2711.45,--,2718.59,2718.59,2701.91
5/14/18,2730.13,--,2733.37,2742.1,2725.47
5/11/18,2727.72,--,2722.7,2732.86,2717.45
5/10/18,2723.07,--,2705.02,2726.11,2704.54
5/9/18,2697.79,--,2678.12,2701.27,2674.14
5/8/18,2671.92,--,2670.26,2676.34,2655.2
5/7/18,2672.63,--,2669.36,2683.35,2664.7
5/4/18,2663.42,--,2621.45,2670.93,2615.32
5/3/18,2629.73,--,2628.08,2637.14,2594.62
5/2/18,2635.67,--,2654.24,2660.87,2631.7
5/1/18,2654.8,--,2643.64,2655.27,2625.41
4/30/18,2648.05,--,2675.05,2682.92,2648.04
4/27/18,2669.91,--,2675.47,2677.35,2659.01
4/26/18,2666.94,--,2651.65,2676.48,2647.16
4/25/18,2639.4,--,2634.92,2645.3,2612.67
4/24/18,2634.56,--,2680.8,2683.55,2617.32
4/23/18,2670.29,--,2675.4,2682.86,2657.99
4/20/18,2670.14,--,2692.56,2693.94,2660.61
4/19/18,2693.13,--,2701.16,2702.84,2681.9
4/18/18,2708.64,--,2710.11,2717.49,2703.63
4/17/18,2706.39,--,2692.74,2713.34,2692.05
4/16/18,2677.84,--,2670.1,2686.49,2665.16
4/13/18,2656.3,--,2676.9,2680.26,2645.05
4/12/18,2663.99,--,2653.83,2674.72,2653.83
4/11/18,2642.19,--,2643.89,2661.43,2639.25
4/10/18,2656.87,--,2638.41,2665.45,2635.78
4/9/18,2613.16,--,2617.18,2653.55,2610.79
4/6/18,2604.47,--,2645.82,2656.88,2586.27
4/5/18,2662.84,--,2657.36,2672.08,2649.58
4/4/18,2644.69,--,2584.04,2649.86,2573.61
4/3/18,2614.45,--,2592.17,2619.14,2575.49
4/2/18,2581.88,--,2633.45,2638.3,2553.8
3/29/18,2640.87,--,2614.41,2659.07,2609.72
3/28/18,2605,--,2611.3,2632.65,2593.06
3/27/18,2612.62,--,2667.57,2674.78,2596.12
3/26/18,2658.55,--,2619.35,2661.36,2601.81
3/23/18,2588.26,--,2646.71,2657.67,2585.89
3/22/18,2643.69,--,2691.36,2695.68,2641.59
3/21/18,2711.93,--,2714.99,2739.14,2709.79
3/20/18,2716.94,--,2715.05,2724.22,2710.05
3/19/18,2712.92,--,2741.38,2741.38,2694.59
3/16/18,2752.01,--,2750.57,2761.85,2749.97
3/15/18,2747.33,--,2754.27,2763.03,2741.47
3/14/18,2749.48,--,2774.06,2777.11,2744.38
3/13/18,2765.31,--,2792.31,2801.9,2758.68
3/12/18,2783.02,--,2790.54,2796.98,2779.26
3/9/18,2786.57,--,2752.91,2786.57,2751.54
3/8/18,2738.97,--,2732.75,2740.45,2722.65
3/7/18,2726.8,--,2710.18,2730.6,2701.74
3/6/18,2728.12,--,2730.18,2732.08,2711.26
3/5/18,2720.94,--,2681.06,2728.09,2675.75
3/2/18,2691.25,--,2658.89,2696.25,2647.32
3/1/18,2677.67,--,2715.22,2730.89,2659.65
2/28/18,2713.83,--,2753.78,2761.52,2713.54
2/27/18,2744.28,--,2780.45,2789.15,2744.22
2/26/18,2779.6,--,2757.37,2780.64,2753.78
2/23/18,2747.3,--,2715.8,2747.76,2713.74
2/22/18,2703.96,--,2710.42,2731.26,2697.77
2/21/18,2701.33,--,2720.53,2747.75,2701.29
2/20/18,2716.26,--,2722.99,2737.6,2706.76
2/16/18,2732.22,--,2727.14,2754.42,2725.11
2/15/18,2731.2,--,2713.46,2731.51,2689.82
2/14/18,2698.63,--,2651.21,2702.1,2648.87
2/13/18,2662.94,--,2646.27,2668.84,2637.08
2/12/18,2656,--,2636.75,2672.61,2622.45
2/9/18,2619.55,--,2601.78,2638.67,2532.69
2/8/18,2581,--,2685.01,2685.27,2580.56
2/7/18,2681.66,--,2690.95,2727.67,2681.33
2/6/18,2695.14,--,2614.78,2701.04,2593.07
2/5/18,2648.94,--,2741.06,2763.39,2638.17
2/2/18,2762.13,--,2808.92,2808.92,2759.97
2/1/18,2821.98,--,2816.45,2835.96,2812.7
1/31/18,2823.81,--,2832.41,2839.26,2813.04
1/30/18,2822.43,--,2832.74,2837.75,2818.27
1/29/18,2853.53,--,2867.23,2870.62,2851.48
1/26/18,2872.87,--,2847.48,2872.87,2846.18
1/25/18,2839.25,--,2846.24,2848.56,2830.94
1/24/18,2837.54,--,2845.42,2852.97,2824.81
1/23/18,2839.13,--,2835.05,2842.24,2830.59
1/22/18,2832.97,--,2809.16,2833.03,2808.12
1/19/18,2810.3,--,2802.6,2810.33,2798.08
1/18/18,2798.03,--,2802.4,2805.83,2792.56
1/17/18,2802.56,--,2784.99,2807.04,2778.38
1/16/18,2776.42,--,2798.96,2807.54,2768.64
1/12/18,2786.24,--,2770.18,2787.85,2769.64
1/11/18,2767.56,--,2752.97,2767.56,2752.78
1/10/18,2748.23,--,2745.55,2750.8,2736.06
1/9/18,2751.29,--,2751.15,2759.14,2747.86
1/8/18,2747.71,--,2742.67,2748.51,2737.6
1/5/18,2743.15,--,2731.33,2743.45,2727.92
1/4/18,2723.99,--,2719.31,2729.29,2719.07
1/3/18,2713.06,--,2697.85,2714.37,2697.77
1/2/18,2695.81,--,2683.73,2695.89,2682.36
12/29/17,2673.61,--,2689.15,2692.12,2673.61
12/28/17,2687.54,--,2686.1,2687.66,2682.69
12/27/17,2682.62,--,2682.1,2685.64,2678.91
12/26/17,2680.5,--,2679.09,2682.74,2677.96
12/22/17,2683.34,--,2684.22,2685.35,2678.13
12/21/17,2684.57,--,2683.02,2692.64,2682.4
12/20/17,2679.25,--,2688.18,2691.01,2676.11
12/19/17,2681.47,--,2692.71,2694.44,2680.74
12/18/17,2690.16,--,2685.92,2694.97,2685.92
12/15/17,2675.81,--,2660.63,2679.63,2659.14
12/14/17,2652.01,--,2665.87,2668.09,2652.01
12/13/17,2662.85,--,2667.59,2671.88,2662.85
12/12/17,2664.11,--,2661.73,2669.72,2659.78
12/11/17,2659.99,--,2652.19,2660.33,2651.47
12/8/17,2651.5,--,2646.21,2651.65,2644.1
12/7/17,2636.98,--,2628.38,2640.99,2626.53
12/6/17,2629.27,--,2626.24,2634.41,2624.75
12/5/17,2629.57,--,2639.78,2648.72,2627.73
12/4/17,2639.44,--,2657.19,2665.19,2639.03
12/1/17,2642.22,--,2645.1,2650.62,2605.52
11/30/17,2647.58,--,2633.93,2657.74,2633.93
11/29/17,2626.07,--,2627.82,2634.89,2620.32
11/28/17,2627.04,--,2605.94,2627.69,2605.44
11/27/17,2601.42,--,2602.66,2606.41,2598.87
11/24/17,2602.42,--,2600.42,2604.21,2600.42
11/22/17,2597.08,--,2600.31,2600.94,2595.23
11/21/17,2599.03,--,2589.17,2601.19,2589.17
11/20/17,2582.14,--,2579.49,2584.64,2578.24
11/17/17,2578.85,--,2582.94,2583.96,2577.62
11/16/17,2585.64,--,2572.95,2590.09,2572.95
11/15/17,2564.62,--,2569.45,2572.84,2557.45
11/14/17,2578.87,--,2577.75,2579.66,2566.56
11/13/17,2584.84,--,2576.53,2587.66,2574.48
11/10/17,2582.3,--,2580.18,2583.81,2575.57
11/9/17,2584.62,--,2584,2586.5,2566.33
11/8/17,2594.38,--,2588.71,2595.47,2585.02
11/7/17,2590.64,--,2592.11,2597.02,2584.35
11/6/17,2591.13,--,2587.47,2593.38,2585.66
11/3/17,2587.84,--,2581.93,2588.42,2576.77
11/2/17,2579.85,--,2579.46,2581.11,2566.17
11/1/17,2579.36,--,2583.21,2588.4,2574.92
10/31/17,2575.26,--,2575.99,2578.29,2572.15
10/30/17,2572.83,--,2577.75,2580.03,2568.25
10/27/17,2581.07,--,2570.26,2582.98,2565.94
10/26/17,2560.4,--,2560.08,2567.07,2559.8
10/25/17,2557.15,--,2566.52,2567.4,2544
10/24/17,2569.13,--,2568.66,2572.18,2565.58
10/23/17,2564.98,--,2578.08,2578.29,2564.33
10/20/17,2575.21,--,2567.56,2575.44,2567.56
10/19/17,2562.1,--,2553.39,2562.36,2547.92
10/18/17,2561.26,--,2562.87,2564.11,2559.67
10/17/17,2559.36,--,2557.17,2559.71,2554.69
10/16/17,2557.64,--,2555.57,2559.47,2552.64
10/13/17,2553.17,--,2555.66,2557.65,2552.09
10/12/17,2550.93,--,2552.88,2555.33,2548.31
10/11/17,2555.24,--,2550.62,2555.24,2547.95
10/10/17,2550.64,--,2549.99,2555.23,2544.86
10/9/17,2544.73,--,2551.39,2551.82,2541.6
10/6/17,2549.33,--,2547.44,2549.41,2543.79
10/5/17,2552.07,--,2540.86,2552.51,2540.02
10/4/17,2537.74,--,2533.48,2540.53,2531.8
10/3/17,2534.58,--,2530.34,2535.13,2528.85
10/2/17,2529.12,--,2521.2,2529.23,2520.4
9/29/17,2519.36,--,2509.96,2519.44,2507.99
9/28/17,2510.06,--,2503.41,2510.81,2502.93
9/27/17,2507.04,--,2503.3,2511.75,2495.91
9/26/17,2496.84,--,2501.04,2503.51,2495.12
9/25/17,2496.66,--,2499.39,2502.54,2488.03
9/22/17,2502.22,--,2497.26,2503.47,2496.54
9/21/17,2500.6,--,2507.16,2507.16,2499
9/20/17,2508.24,--,2506.84,2508.85,2496.67
9/19/17,2506.65,--,2506.29,2507.84,2503.19
9/18/17,2503.87,--,2502.51,2508.32,2499.92
9/15/17,2500.23,--,2495.67,2500.23,2493.16
9/14/17,2495.62,--,2494.56,2498.43,2491.35
9/13/17,2498.37,--,2493.89,2498.37,2492.14
9/12/17,2496.48,--,2491.94,2496.77,2490.37
9/11/17,2488.11,--,2474.52,2488.95,2474.52
9/8/17,2461.43,--,2462.25,2467.11,2459.4
9/7/17,2465.1,--,2468.06,2468.62,2460.29
9/6/17,2465.54,--,2463.83,2469.64,2459.2
9/5/17,2457.85,--,2470.35,2471.97,2446.55
9/1/17,2476.55,--,2474.42,2480.38,2473.85
8/31/17,2471.65,--,2462.65,2475.01,2462.65
8/30/17,2457.59,--,2446.06,2460.31,2443.77
8/29/17,2446.3,--,2431.94,2449.19,2428.2
8/28/17,2444.24,--,2447.35,2449.12,2439.03
8/25/17,2443.05,--,2444.72,2453.96,2442.22
8/24/17,2438.97,--,2447.91,2450.39,2436.19
8/23/17,2444.04,--,2444.88,2448.91,2441.42
8/22/17,2452.51,--,2433.75,2454.77,2433.67
8/21/17,2428.37,--,2425.5,2430.58,2417.35
8/18/17,2425.55,--,2427.64,2440.27,2420.69
8/17/17,2430.01,--,2462.95,2465.02,2430.01
8/16/17,2468.11,--,2468.63,2474.93,2463.86
8/15/17,2464.61,--,2468.66,2468.9,2461.61
8/14/17,2465.84,--,2454.96,2468.22,2454.96
8/11/17,2441.32,--,2441.04,2448.09,2437.85
8/10/17,2438.21,--,2465.38,2465.38,2437.75
8/9/17,2474.02,--,2465.35,2474.41,2462.08
8/8/17,2474.92,--,2478.35,2490.87,2470.32
8/7/17,2480.91,--,2477.14,2480.95,2475.88
8/4/17,2476.83,--,2476.88,2480,2472.08
8/3/17,2472.16,--,2476.03,2476.03,2468.85
8/2/17,2477.57,--,2480.38,2480.38,2466.48
8/1/17,2476.35,--,2477.1,2478.51,2471.14
7/31/17,2470.3,--,2475.94,2477.96,2468.53
7/28/17,2472.1,--,2469.12,2473.53,2464.66
7/27/17,2475.42,--,2482.76,2484.04,2459.93
7/26/17,2477.83,--,2479.97,2481.69,2474.94
7/25/17,2477.13,--,2477.88,2481.24,2474.91
7/24/17,2469.91,--,2472.04,2473.1,2466.32
7/21/17,2472.54,--,2467.4,2472.54,2465.06
7/20/17,2473.45,--,2475.56,2477.62,2468.43
7/19/17,2473.83,--,2463.85,2473.83,2463.85
7/18/17,2460.61,--,2455.88,2460.92,2450.34
7/17/17,2459.14,--,2459.5,2462.82,2457.16
7/14/17,2459.27,--,2449.16,2463.54,2446.69
7/13/17,2447.83,--,2444.99,2449.32,2441.69
7/12/17,2443.25,--,2435.75,2445.76,2435.75
7/11/17,2425.53,--,2427.35,2429.3,2412.79
7/10/17,2427.43,--,2424.51,2432,2422.27
7/7/17,2425.18,--,2413.52,2426.92,2413.52
7/6/17,2409.75,--,2423.44,2424.28,2407.7
7/5/17,2432.54,--,2430.78,2434.9,2422.05
7/3/17,2429.01,--,2431.39,2439.17,2428.69
6/30/17,2423.41,--,2429.2,2432.71,2421.65
6/29/17,2419.7,--,2442.38,2442.73,2405.7
6/28/17,2440.69,--,2428.7,2442.97,2428.02
6/27/17,2419.38,--,2436.34,2440.15,2419.38
6/26/17,2439.07,--,2443.32,2450.42,2437.03
6/23/17,2438.3,--,2434.65,2441.4,2431.11
6/22/17,2434.5,--,2437.4,2441.62,2433.27
6/21/17,2435.61,--,2439.31,2442.23,2430.74
6/20/17,2437.03,--,2450.66,2450.66,2436.6
6/19/17,2453.46,--,2442.55,2453.82,2441.79
6/16/17,2433.15,--,2431.24,2433.15,2422.88
6/15/17,2432.46,--,2424.14,2433.95,2418.53
6/14/17,2437.92,--,2443.75,2443.75,2428.34
6/13/17,2440.35,--,2434.15,2441.49,2431.28
6/12/17,2429.39,--,2425.88,2430.38,2419.97
6/9/17,2431.77,--,2436.39,2446.2,2415.7
6/8/17,2433.79,--,2434.27,2439.27,2427.94
6/7/17,2433.14,--,2432.03,2435.28,2424.75
6/6/17,2429.33,--,2431.92,2436.21,2428.12
6/5/17,2436.1,--,2437.83,2439.55,2434.32
6/2/17,2439.07,--,2431.28,2440.23,2427.71
6/1/17,2430.06,--,2415.65,2430.06,2413.54
5/31/17,2411.8,--,2415.63,2415.99,2403.59
5/30/17,2412.91,--,2411.67,2415.26,2409.43
5/26/17,2415.82,--,2414.5,2416.68,2412.2
5/25/17,2415.07,--,2409.54,2418.71,2408.01
5/24/17,2404.39,--,2401.41,2405.58,2397.99
5/23/17,2398.42,--,2397.04,2400.85,2393.88
5/22/17,2394.02,--,2387.21,2395.46,2386.92
5/19/17,2381.73,--,2371.37,2389.06,2370.43
5/18/17,2365.72,--,2354.69,2375.74,2352.72
5/17/17,2357.03,--,2382.95,2384.87,2356.21
5/16/17,2400.67,--,2404.55,2405.77,2396.05
5/15/17,2402.32,--,2393.98,2404.05,2393.94
5/12/17,2390.9,--,2392.44,2392.44,2387.19
5/11/17,2394.44,--,2394.84,2395.72,2381.74
5/10/17,2399.63,--,2396.79,2399.74,2392.79
5/9/17,2396.92,--,2401.58,2403.87,2392.44
5/8/17,2399.38,--,2399.94,2401.36,2393.92
5/5/17,2399.29,--,2392.37,2399.29,2389.38
5/4/17,2389.52,--,2389.79,2391.43,2380.35
5/3/17,2388.13,--,2386.5,2389.82,2379.75
5/2/17,2391.17,--,2391.05,2392.93,2385.82
5/1/17,2388.33,--,2388.5,2394.49,2384.83
4/28/17,2384.2,--,2393.68,2393.68,2382.36
4/27/17,2388.77,--,2389.7,2392.1,2382.68
4/26/17,2387.45,--,2388.98,2398.16,2386.76
4/25/17,2388.61,--,2381.51,2392.48,2381.15
4/24/17,2374.15,--,2370.33,2376.98,2369.19
4/21/17,2348.69,--,2354.74,2356.18,2344.51
4/20/17,2355.84,--,2342.69,2361.37,2340.91
4/19/17,2338.17,--,2346.79,2352.63,2335.05
4/18/17,2342.19,--,2342.53,2348.35,2334.54
4/17/17,2349.01,--,2332.62,2349.14,2332.51
4/13/17,2328.95,--,2341.98,2348.26,2328.95
4/12/17,2344.93,--,2352.15,2352.72,2341.18
4/11/17,2353.78,--,2353.92,2355.22,2337.25
4/10/17,2357.16,--,2357.16,2366.37,2351.5
4/7/17,2355.54,--,2356.59,2363.76,2350.74
4/6/17,2357.49,--,2353.79,2364.16,2348.9
4/5/17,2352.95,--,2366.59,2378.36,2350.52
4/4/17,2360.16,--,2354.76,2360.53,2350.72
4/3/17,2358.84,--,2362.34,2365.87,2344.73
3/31/17,2362.72,--,2364.82,2370.35,2362.6
3/30/17,2368.06,--,2361.31,2370.42,2358.58
3/29/17,2361.13,--,2356.54,2363.36,2352.94
3/28/17,2358.57,--,2339.79,2363.78,2337.63
3/27/17,2341.59,--,2329.11,2344.9,2322.25
3/24/17,2343.98,--,2350.42,2356.22,2335.74
3/23/17,2345.96,--,2345.97,2358.92,2342.13
3/22/17,2348.45,--,2343,2351.81,2336.45
3/21/17,2344.02,--,2379.32,2381.93,2341.9
3/20/17,2373.47,--,2378.24,2379.55,2369.66
3/17/17,2378.25,--,2383.71,2385.71,2377.64
3/16/17,2381.38,--,2387.71,2388.1,2377.18
3/15/17,2385.26,--,2370.34,2390.01,2368.94
3/14/17,2365.45,--,2368.55,2368.55,2358.18
3/13/17,2373.47,--,2371.56,2374.42,2368.52
3/10/17,2372.6,--,2372.52,2376.86,2363.04
3/9/17,2364.87,--,2363.49,2369.08,2354.54
3/8/17,2362.98,--,2369.81,2373.09,2361.01
3/7/17,2368.39,--,2370.74,2375.12,2365.51
3/6/17,2375.31,--,2375.23,2378.8,2367.98
3/3/17,2383.12,--,2380.92,2383.89,2375.39
3/2/17,2381.92,--,2394.75,2394.75,2380.17
3/1/17,2395.96,--,2380.13,2400.98,2380.13
2/28/17,2363.64,--,2366.08,2367.79,2358.96
2/27/17,2369.75,--,2365.23,2371.54,2361.87
2/24/17,2367.34,--,2355.73,2367.34,2352.87
2/23/17,2363.81,--,2367.5,2368.26,2355.09
2/22/17,2362.82,--,2361.11,2365.13,2358.34
2/21/17,2365.38,--,2354.91,2366.71,2354.91
2/17/17,2351.16,--,2343.01,2351.16,2339.58
2/16/17,2347.22,--,2349.64,2351.31,2338.87
2/15/17,2349.25,--,2335.58,2351.3,2334.81
2/14/17,2337.58,--,2326.12,2337.58,2322.17
2/13/17,2328.25,--,2321.72,2331.58,2321.42
2/10/17,2316.1,--,2312.27,2319.23,2311.1
2/9/17,2307.87,--,2296.7,2311.08,2296.61
2/8/17,2294.67,--,2289.55,2295.91,2285.38
2/7/17,2293.08,--,2295.87,2299.4,2290.16
2/6/17,2292.56,--,2294.28,2296.18,2288.57
2/3/17,2297.42,--,2288.54,2298.31,2287.88
2/2/17,2280.85,--,2276.69,2283.97,2271.65
2/1/17,2279.55,--,2285.59,2289.14,2272.44
1/31/17,2278.87,--,2274.02,2279.09,2267.21
1/30/17,2280.9,--,2286.01,2286.01,2268.04
1/27/17,2294.69,--,2299.02,2299.02,2291.62
1/26/17,2296.68,--,2298.63,2300.99,2294.08
1/25/17,2298.37,--,2288.88,2299.55,2288.88
1/24/17,2280.07,--,2267.88,2284.63,2266.68
1/23/17,2265.2,--,2267.78,2271.78,2257.02
1/20/17,2271.31,--,2269.96,2276.96,2265.01
1/19/17,2263.69,--,2271.9,2274.33,2258.41
1/18/17,2271.89,--,2269.14,2272.01,2263.35
1/17/17,2267.89,--,2269.14,2272.08,2262.81
1/13/17,2274.64,--,2272.74,2278.68,2271.51
1/12/17,2270.44,--,2271.14,2271.78,2254.25
1/11/17,2275.32,--,2268.6,2275.32,2260.83
1/10/17,2268.9,--,2269.72,2279.27,2265.27
1/9/17,2268.9,--,2273.59,2275.49,2268.9
1/6/17,2276.98,--,2271.14,2282.1,2264.06
1/5/17,2269,--,2268.18,2271.5,2260.45
1/4/17,2270.75,--,2261.6,2272.82,2261.6
1/3/17,2257.83,--,2251.57,2263.88,2245.13
12/30/16,2238.83,--,2251.61,2253.58,2233.62
12/29/16,2249.26,--,2249.5,2254.51,2244.56
12/28/16,2249.92,--,2270.23,2271.31,2249.11
12/27/16,2268.88,--,2266.23,2273.82,2266.15
12/23/16,2263.79,--,2260.25,2263.79,2258.84
12/22/16,2260.96,--,2262.93,2263.18,2256.08
12/21/16,2265.18,--,2270.54,2271.23,2265.15
12/20/16,2270.76,--,2266.5,2272.56,2266.14
12/19/16,2262.53,--,2259.24,2267.47,2258.21
12/16/16,2258.07,--,2266.81,2268.05,2254.24
12/15/16,2262.03,--,2253.77,2272.12,2253.77
12/14/16,2253.28,--,2268.35,2276.2,2248.44
12/13/16,2271.72,--,2263.32,2277.53,2263.32
12/12/16,2256.96,--,2258.83,2264.03,2252.37
12/9/16,2259.53,--,2249.73,2259.8,2249.23
12/8/16,2246.19,--,2241.13,2251.69,2237.57
12/7/16,2241.35,--,2210.72,2241.63,2208.93
12/6/16,2212.23,--,2207.26,2212.78,2202.21
12/5/16,2204.71,--,2200.65,2209.42,2199.97
12/2/16,2191.95,--,2191.12,2197.95,2188.37
12/1/16,2191.08,--,2200.17,2202.6,2187.44
11/30/16,2198.81,--,2204.97,2214.1,2198.81
11/29/16,2204.66,--,2200.76,2210.46,2198.15
11/28/16,2201.72,--,2210.21,2211.14,2200.36
11/25/16,2213.35,--,2206.27,2213.35,2206.27
11/23/16,2204.72,--,2198.55,2204.72,2194.51
11/22/16,2202.94,--,2201.56,2204.8,2194.51
11/21/16,2198.18,--,2186.43,2198.7,2186.43
11/18/16,2181.9,--,2186.85,2189.89,2180.38
11/17/16,2187.12,--,2178.61,2188.06,2176.65
11/16/16,2176.94,--,2177.53,2179.22,2172.2
11/15/16,2180.39,--,2168.29,2180.84,2166.38
11/14/16,2164.2,--,2165.64,2171.36,2156.08
11/11/16,2164.45,--,2162.71,2165.92,2152.49
11/10/16,2167.48,--,2167.49,2182.3,2151.17
11/9/16,2163.26,--,2131.56,2170.1,2125.35
11/8/16,2139.56,--,2129.92,2146.87,2123.56
11/7/16,2131.52,--,2100.59,2132,2100.59
11/4/16,2085.18,--,2083.79,2099.07,2083.79
11/3/16,2088.66,--,2098.8,2102.56,2085.23
11/2/16,2097.94,--,2109.43,2111.76,2094
11/1/16,2111.72,--,2128.68,2131.45,2097.85
10/31/16,2126.15,--,2129.78,2133.25,2125.53
10/28/16,2126.41,--,2132.23,2140.72,2119.36
10/27/16,2133.04,--,2144.06,2147.13,2132.52
10/26/16,2139.43,--,2136.97,2145.73,2131.59
10/25/16,2143.16,--,2149.72,2151.44,2141.93
10/24/16,2151.33,--,2148.5,2154.79,2146.91
10/21/16,2141.16,--,2139.43,2142.63,2130.09
10/20/16,2141.34,--,2142.51,2147.18,2133.44
10/19/16,2144.29,--,2140.81,2148.44,2138.15
10/18/16,2139.6,--,2138.31,2144.38,2135.49
10/17/16,2126.5,--,2132.95,2135.61,2124.43
10/14/16,2132.98,--,2139.68,2149.19,2132.98
10/13/16,2132.55,--,2130.26,2138.19,2114.72
10/12/16,2139.18,--,2137.67,2145.36,2132.77
10/11/16,2136.73,--,2161.35,2161.56,2128.84
10/10/16,2163.66,--,2160.39,2169.6,2160.39
10/7/16,2153.74,--,2164.19,2165.86,2144.85
10/6/16,2160.77,--,2158.22,2162.93,2150.28
10/5/16,2159.73,--,2155.15,2163.95,2155.15
10/4/16,2150.49,--,2163.37,2165.46,2144.01
10/3/16,2161.2,--,2164.33,2164.41,2154.77
9/30/16,2168.27,--,2156.51,2175.3,2156.51
9/29/16,2151.13,--,2168.9,2172.67,2145.2
9/28/16,2171.37,--,2161.85,2172.4,2151.79
9/27/16,2159.93,--,2146.04,2161.13,2141.55
9/26/16,2146.1,--,2158.54,2158.54,2145.04
9/23/16,2164.69,--,2173.29,2173.75,2163.97
9/22/16,2177.18,--,2170.94,2179.99,2170.94
9/21/16,2163.12,--,2144.58,2165.11,2139.57
9/20/16,2139.76,--,2145.94,2150.8,2139.17
9/19/16,2139.12,--,2143.99,2153.61,2135.91
9/16/16,2139.16,--,2146.48,2146.48,2131.2
9/15/16,2147.26,--,2125.36,2151.31,2122.36
9/14/16,2125.77,--,2127.86,2141.33,2119.9
9/13/16,2127.02,--,2150.47,2150.47,2120.27
9/12/16,2159.04,--,2120.86,2163.3,2119.12
9/9/16,2127.81,--,2169.08,2169.08,2127.81
9/8/16,2181.3,--,2182.76,2184.94,2177.49
9/7/16,2186.16,--,2185.17,2187.87,2179.07
9/6/16,2186.48,--,2181.61,2186.57,2175.1
9/2/16,2179.98,--,2177.49,2184.87,2173.59
9/1/16,2170.86,--,2171.33,2173.56,2157.09
8/31/16,2170.95,--,2173.56,2173.79,2161.35
8/30/16,2176.12,--,2179.45,2182.27,2170.41
8/29/16,2180.38,--,2170.19,2183.48,2170.19
8/26/16,2169.04,--,2175.1,2187.94,2160.39
8/25/16,2172.47,--,2173.29,2179,2169.74
8/24/16,2175.44,--,2185.09,2186.66,2171.25
8/23/16,2186.9,--,2187.81,2193.42,2186.8
8/22/16,2182.64,--,2181.58,2185.15,2175.96
8/19/16,2183.87,--,2184.24,2185,2175.13
8/18/16,2187.02,--,2181.9,2187.03,2180.46
8/17/16,2182.22,--,2177.84,2183.08,2168.5
8/16/16,2178.15,--,2186.24,2186.24,2178.14
8/15/16,2190.15,--,2186.08,2193.81,2186.08
8/12/16,2184.05,--,2183.74,2186.28,2179.42
8/11/16,2185.79,--,2177.97,2188.45,2177.97
8/10/16,2175.49,--,2182.81,2183.41,2172
8/9/16,2181.74,--,2182.24,2187.66,2178.61
8/8/16,2180.89,--,2183.76,2185.44,2177.85
8/5/16,2182.87,--,2168.79,2182.87,2168.79
8/4/16,2164.25,--,2163.51,2168.19,2159.07
8/3/16,2163.79,--,2156.81,2163.79,2152.56
8/2/16,2157.03,--,2169.94,2170.2,2147.58
8/1/16,2170.84,--,2173.15,2178.29,2166.21
7/29/16,2173.6,--,2168.83,2177.09,2163.49
7/28/16,2170.06,--,2166.05,2172.85,2159.74
7/27/16,2166.58,--,2169.81,2174.98,2159.07
7/26/16,2169.18,--,2168.97,2173.54,2160.18
7/25/16,2168.48,--,2173.71,2173.71,2161.95
7/22/16,2175.03,--,2166.47,2175.11,2163.24
7/21/16,2165.17,--,2172.91,2174.56,2159.75
7/20/16,2173.02,--,2166.1,2175.63,2164.89
7/19/16,2163.78,--,2163.79,2164.63,2159.01
7/18/16,2166.89,--,2162.04,2168.35,2159.63